key,atom,a0.25_rp1.0,a0.25_rp1.5,a0.25_rp2.0,a0.25_rp2.5,a0.25_rp3.0,a0.5_rp1.0,a0.5_rp1.5,a0.5_rp2.0,a0.5_rp2.5,a0.5_rp3.0,a1.0_rp1.0,a1.0_rp1.5,a1.0_rp2.0,a1.0_rp2.5,a1.0_rp3.0,nnatom,polytype
1D-000,0,0.0798447739771403,0.9512148750343904,0.0125136196319415,0.2891775917762054,0.0094446854715609,0.570806895170444,1.0671351720392503,0.3873428246453889,0.3079933124731757,0.1061350060130923,0.967199461568901,1.2052720885738708,1.0113742059967423,0.6338522332516211,0.3186499260961616,2.5,edgedgraphene
1D-000,1,0.0720680809612028,1.5043777905908813,0.0180729161953168,0.4045402059941831,0.0181943854442677,0.7346567083385168,1.578493641960749,0.6041327501312466,0.4302287023277759,0.1626132921788119,1.3562928457150971,1.7390166072411173,1.4864138583519229,0.9350706226766832,0.4689404212656902,3.0,edgedgraphene
1D-000,2,0.0720459451029503,1.5044085881117917,0.0180736906766317,0.4044789584953044,0.0181886364751878,0.7345915310726989,1.5784772441884718,0.60413234204466,0.4301588431090976,0.1625849824813853,1.356236318230326,1.7389608257620095,1.4863571238335584,0.9350065562437896,0.4688877379499549,3.0,edgedgraphene
1D-000,3,0.0953761323747814,1.4597547158865771,0.0137620121132966,0.2626365918294697,0.0096749304049383,0.7861492351085231,1.579754204150753,0.5277354176724562,0.2813972500023233,0.1036572435495557,1.375885388051486,1.7021203538648022,1.3664495674402666,0.7762283625853611,0.3462738276620857,3.0,edgedgraphene
1D-000,4,0.0955036050975292,1.4595644772656402,0.0137531593189437,0.2627073318271639,0.0096743290365755,0.7864670896471566,1.5798110066898825,0.527639417047121,0.2814561302280062,0.1036615665103225,1.3761252190121285,1.7022793907356886,1.3664969538381404,0.7762435755246251,0.3462902340198631,3.0,edgedgraphene
1D-000,5,0.0664745416118591,1.5078396690777076,0.0238845202482682,0.4275801979013521,0.0145706782360285,0.7141250326395425,1.5739195130639143,0.6396103206276099,0.4566698253433413,0.156956570661956,1.3465505229653267,1.7469589366217189,1.5152905255505729,0.9645577774245632,0.4828483021678327,3.0,edgedgraphene
1D-000,6,0.0664301611438139,1.5078716465996809,0.0238631985898588,0.4274790581237046,0.0145731703545441,0.7139685081149029,1.5738562697165637,0.6395357960156537,0.4565192179555931,0.1569638254353902,1.346392561585421,1.7467809506726155,1.5151161107250797,0.964412729781398,0.4827687086841393,3.0,edgedgraphene
1D-000,7,0.0797395458641857,0.9514039321326102,0.0124906602287243,0.2890859445018469,0.0094408272526339,0.5705801349347136,1.0671037086522823,0.3873029019002907,0.3078400788626231,0.1061183269204022,0.967009306974702,1.205093821623744,1.011219230184948,0.633713316065733,0.3185591449056674,2.5,edgedgraphene
1D-001,0,0.0621476522069276,1.4435361603410857,0.0601060267885811,0.4631995635278457,0.0151782874915089,0.6438233113231123,1.5341851322627211,0.7711738346803566,0.5531527035713389,0.1651812435694178,1.305175933692089,1.7657368074747812,1.6172958292291495,1.083647596057144,0.5540438021503177,3.5,nanotube
1D-001,1,0.0622014783871056,1.4434699171821053,0.0602017321317956,0.4631953809344927,0.015189913030272,0.6439471574216917,1.5342394827648018,0.7713836381325672,0.553349988047071,0.1651850634950361,1.3053326078822678,1.765964976881328,1.6175728037328243,1.0838899022721449,0.5541766095985183,3.5,nanotube
1D-001,2,0.0622042374082502,1.4434861534263446,0.0601860069007365,0.4632177028185171,0.0151750176978879,0.6439665136190093,1.5342493900592835,0.7713583278394439,0.5533277749373435,0.1651559689453172,1.305345537660044,1.7659641976084677,1.6175487553421042,1.083851535950182,0.5541414370343527,3.5,nanotube
1D-001,3,0.0622160448019329,1.4434662952291142,0.0602173298615372,0.4632838358170097,0.0151844452421382,0.6439901474482396,1.534263273496548,0.7714712002601017,0.553465128278846,0.1651762945454335,1.3053929656182852,1.7660618774771637,1.6177008868743863,1.084006723731844,0.5542391563310458,3.5,nanotube
1D-001,4,0.0621856963517022,1.443467169403183,0.0602657301033961,0.463273601314313,0.0151790380135327,0.6438964891490002,1.5342418473356867,0.771615470677528,0.5535242041468074,0.1651564559460786,1.3053430513506643,1.766078973951513,1.6177931092224287,1.0840964107116289,0.5542762927208461,3.5,nanotube
1D-001,5,0.0621897682936557,1.443491146986681,0.0600792446054192,0.4632089804868067,0.0151931250959678,0.643924306793451,1.5341994769697582,0.7710759809804588,0.5531403780212105,0.1652181022159272,1.30523802130458,1.7657493101166954,1.617256839627799,1.083617485688626,0.5540483104588997,3.5,nanotube
1D-001,6,0.0622158539865123,1.4434650820330033,0.0601375093988702,0.463194715539618,0.0151880812255301,0.6439883956618103,1.53423341232418,0.7712046205072611,0.5532327662187052,0.1651923621451041,1.3053246973287649,1.7658778677289515,1.6174066172714676,1.0837334615962728,0.5540965318388372,3.5,nanotube
1D-001,7,0.0621546739854473,1.4435776014869943,0.0601859040097191,0.4632315399971234,0.015187550227196,0.643873163712595,1.534246946584489,0.7713949597329048,0.5533585847304513,0.1651872849276245,1.3052839758946526,1.765939577020364,1.6175749805003892,1.083900574592639,0.5541837363172122,3.5,nanotube
1D-002,0,0.0458582652690808,1.5187060643452224,0.0362364727482072,0.4997800476868442,0.0109676752395214,0.6385844683469133,1.5520963030583257,0.723958161061698,0.5408982730485857,0.1730782791537737,1.3001790470938914,1.750320285439108,1.5892580699866805,1.060062542589918,0.5459776467285038,3.5,nanotube
1D-002,1,0.0458275174195536,1.5186615285137743,0.0361878665180549,0.4996645543166877,0.0109735407538026,0.6384325393447263,1.5519973476581703,0.7237767303577389,0.5406650482921187,0.1730998826118788,1.2999878061001438,1.7500583616702154,1.5889619306353602,1.059814587741262,0.5458505613779479,3.5,nanotube
1D-002,2,0.0458650968662675,1.5186417007757798,0.0362771931760521,0.4999458721368305,0.0109515739974827,0.6385741913982573,1.5520865300299225,0.7241412497070195,0.5410998273456856,0.1730693497783328,1.300205941259046,1.7504292856830346,1.5894640423792945,1.060272126631848,0.5460942188447894,3.5,nanotube
1D-002,3,0.0458662631946411,1.51872759458605,0.0362564413362727,0.4998016786014457,0.0109744701322146,0.6386299251743929,1.5521306788827496,0.7240282786674748,0.5409759517836954,0.173075661299461,1.3002413586504362,1.750410549166192,1.5893636844213872,1.0601523344792794,0.5460257075154537,3.5,nanotube
1D-002,4,0.0458398613194973,1.5186625307263926,0.0361974951431889,0.4996650952508983,0.0109598884110733,0.6384834541851108,1.552022438401228,0.723798288456669,0.5406897340525172,0.1730786725906186,1.3000398109103135,1.7501130161140983,1.5890042809687888,1.0598360360387302,0.5458506074093948,3.5,nanotube
1D-002,5,0.0458300812080049,1.5186676150568668,0.0362557569893017,0.4997727973254113,0.01097036035923,0.6384469149521314,1.5520324425547922,0.7240431642550744,0.5409087472125627,0.1730778043943975,1.300067666220598,1.7502536072077484,1.589265072815967,1.060093592921934,0.5459945771041858,3.5,nanotube
1D-002,6,0.0458950278204956,1.5187124249851125,0.0361866624854335,0.4997059713616795,0.0109631246403699,0.6387377040992154,1.5521425031418357,0.7237303036638738,0.5407484609236459,0.1730804716746657,1.3002646935999191,1.750292785038391,1.5890873502180236,1.0598722776836644,0.5458722865111126,3.5,nanotube
1D-002,7,0.045857299978448,1.5187064831407475,0.0362197077700911,0.4998598583971963,0.0109646979283637,0.6385806980204057,1.5520898580883382,0.7239298181917189,0.5409202980053985,0.1730960031011437,1.300169315750348,1.7503054703583103,1.589249130527124,1.0600705165284323,0.5459946882656562,3.5,nanotube
1D-003,0,0.0783421046932775,1.4871210601365112,0.0137312318185661,0.2283175735049075,0.0086860375043662,0.7441748034751282,1.5721164237248186,0.5274556103966068,0.25077473906684,0.0989873060514078,1.3411547468175635,1.670891662396916,1.3402722783755,0.7513348025414959,0.3284288539462045,3.0,edgedgraphene+chain
1D-003,1,0.0540640692040332,1.520626037901724,0.023429582997899,0.3863389104656797,0.0160481166477905,0.6732008737237575,1.5606326772497432,0.6329187003853849,0.4215871372708827,0.1578752959525461,1.3090219733472666,1.7091522578706029,1.4814109977064345,0.9355763040202504,0.4656618028759787,3.0,edgedgraphene+chain
1D-003,2,0.3275966914641727,0.5905822661924967,0.0011159190800481,0.1010039390066351,0.004527299229225,0.8787232696794736,1.0195412845362102,0.1906309904119551,0.1082631112960531,0.0482621981182081,1.134233983138316,1.2018631757563691,0.8124095922932413,0.3862115551942342,0.1520952804664444,2.0,edgedgraphene+chain
1D-003,3,0.0639774646630851,0.9789769275300836,0.01186686651607,0.2589438444144152,0.0118941103991609,0.5340218495615119,1.061625516331862,0.3853442249546046,0.2831269057804546,0.1071548560151058,0.93702335376823,1.1783218937045672,0.9896513092085748,0.6152593483046711,0.3074428068969758,2.5,edgedgraphene+chain
1D-003,4,0.0639924596922263,0.9789435349880358,0.0118346421177673,0.2588291425853208,0.0118951227942063,0.5340422946737016,1.0616067521682653,0.3851809846539933,0.2829414510822484,0.1071405615044772,0.9369957392461988,1.178211484484139,0.9894503890462704,0.6150531644579903,0.3073191609157929,2.5,edgedgraphene+chain
1D-003,5,0.0541507471060326,1.520653709897449,0.023414214183968,0.3862365285613494,0.016058113773869,0.6735775292704257,1.560791627791282,0.6327488207725362,0.4215228647659227,0.1578458180012703,1.3093299239834315,1.7093471811797565,1.4814040160086062,0.9354812254166474,0.4655904025215256,3.0,edgedgraphene+chain
1D-003,6,0.3275966914641723,0.5905822661924971,0.0011159190800481,0.1010039390066352,0.004527299229225,0.8787232696794733,1.0195412845362104,0.1906309904119552,0.1082631112960532,0.0482621981182082,1.1342339831383157,1.2018631757563694,0.8124095922932415,0.3862115551942343,0.1520952804664445,2.0,edgedgraphene+chain
1D-003,7,0.0784137875661355,1.4871821232766116,0.013707619843468,0.2284927413280797,0.008685558182376,0.7445308380917944,1.5722819309097822,0.5273743033286075,0.2509236136614678,0.0989990262736177,1.3414727333872762,1.671159939250242,1.3404290461052704,0.7514388493004128,0.3284982010445545,3.0,edgedgraphene+chain
1D-004,0,0.3970429964437774,0.5812553449486272,0.0013897338983721,0.094929969657169,0.0049665779185374,0.8914213385156413,0.994250696505706,0.1911016820448902,0.1038523053427663,0.0478205582423675,1.1372343069457305,1.1932124469555665,0.8016207297240701,0.3795395220341017,0.149086572188008,2.0,edgedgraphene+chain
1D-004,1,0.0514730390857206,1.5222237207248996,0.0237918715654355,0.3790052274664707,0.0161877225207605,0.6636933814986856,1.557283138651691,0.6339963831594863,0.4156901318624713,0.1572778170869796,1.300724933080814,1.7018024774773943,1.476056271947279,0.931095285028644,0.4625783923398759,3.0,edgedgraphene+chain
1D-004,2,0.0753398882472116,1.4913410939349416,0.0138931849648772,0.2206030239280213,0.0087928611082844,0.7358694422514228,1.570191221662995,0.5277434432053641,0.2444668240030279,0.0980755679006822,1.3341670898836395,1.6645747956981845,1.3350180491520067,0.746352384277592,0.3248543935361252,3.0,edgedgraphene+chain
1D-004,3,0.0611401372929457,0.983679969620698,0.0119282278336557,0.2528774281049364,0.0123884489646907,0.5268027443664072,1.0603193744694783,0.385756093701176,0.2784822659330879,0.1070029284051931,0.9311600582192048,1.1733010135530038,0.9858635443502036,0.6119334956809691,0.305240762035311,2.5,edgedgraphene+chain
1D-004,4,0.397042996443778,0.5812553449486262,0.0013897338983721,0.0949299696571689,0.0049665779185374,0.8914213385156423,0.994250696505706,0.1911016820448899,0.1038523053427663,0.0478205582423675,1.137234306945731,1.1932124469555667,0.8016207297240698,0.3795395220341014,0.1490865721880079,2.0,edgedgraphene+chain
1D-004,5,0.0517849189671462,1.5223509638189938,0.023687556290263,0.3784986433168129,0.0162341947616777,0.6650657977619013,1.5578508778298203,0.6331612837454522,0.4152641068659836,0.1572102790319652,1.3017982428367303,1.702372492204244,1.475801379499761,0.9305405960883324,0.462220393000596,3.0,edgedgraphene+chain
1D-004,6,0.0613645821909177,0.983312296405056,0.0118329829730223,0.2526131833244842,0.0123912602100159,0.5273816442015375,1.0603821085074796,0.3851434649993308,0.2780414056316361,0.1069669024711834,0.9314845786867292,1.1732640255731177,0.9853809923592892,0.611372744965027,0.3049120901097015,2.5,edgedgraphene+chain
1D-004,7,0.0754273232306655,1.4918360074794608,0.013828298384283,0.2212701560904958,0.0087825028365218,0.7366627616411857,1.570692141891655,0.527688088029884,0.2450419280130527,0.0981138695713351,1.334960980606581,1.665356346887248,1.3356260095161347,0.7468293240405842,0.3251548833678312,3.0,edgedgraphene+chain
1D-005,0,0.0636463848312837,0.9795316298424136,0.0118084023618067,0.2583172715772948,0.0119235114582382,0.5331908113958659,1.0614564037729768,0.385178362668902,0.2824254054352298,0.1071078870434167,0.9362973443479916,1.1776025637079477,0.9889836721390712,0.6146496507779332,0.3070532398651316,2.5,edgedgraphene+chain
1D-005,1,0.0538964824588375,1.5207506119679346,0.0233892064760237,0.3855030741701126,0.0160632460943682,0.6726024846456023,1.5604000573041938,0.632623850304973,0.4207303475080501,0.1577874337594393,1.3084112011501474,1.7084207914039882,1.4805912095362028,0.9347820069738384,0.4651475057118629,3.0,edgedgraphene+chain
1D-005,2,0.3374576874492069,0.5796819606526886,0.0010806039507775,0.1006516537456349,0.0045522115327418,0.8871893409803074,1.0168962553583265,0.1880568657174427,0.1078813537055629,0.0482381002428505,1.139089874305134,1.2032433423473423,0.8108528434204569,0.3845703524661751,0.1514018774523829,2.0,edgedgraphene+chain
1D-005,3,0.0779580818608388,1.487737064771049,0.0137544855772942,0.2278474742862033,0.0086913572055577,0.7431955084717207,1.5719427474697951,0.527670511593961,0.2503999560365064,0.098934692086413,1.3403966032753585,1.670330213345664,1.3399771604332853,0.7511063733008443,0.3282480296867833,3.0,edgedgraphene+chain
1D-005,4,0.0779779255069315,1.4877030619898384,0.0137529226993592,0.2278507892874495,0.0086911193056848,0.7432446568062905,1.5719498852452962,0.5276506901257483,0.2504013891058611,0.0989346674713982,1.3404318409653382,1.6703500880280804,1.3399767654586578,0.7511008012374554,0.3282456378654765,3.0,edgedgraphene+chain
1D-005,5,0.0538960814375991,1.52075047590608,0.0233937231396538,0.3855091620078225,0.0160617760766898,0.6726007580189479,1.5604011721155806,0.6326429671431382,0.4207421206339808,0.1577808504773981,1.3084141379695915,1.708431411001872,1.4806083020792888,0.934795550695488,0.4651516321462184,3.0,edgedgraphene+chain
1D-005,6,0.3374576874492066,0.5796819606526891,0.0010806039507775,0.1006516537456349,0.0045522115327418,0.8871893409803072,1.0168962553583265,0.1880568657174428,0.1078813537055629,0.0482381002428505,1.139089874305134,1.2032433423473423,0.8108528434204572,0.3845703524661751,0.1514018774523829,2.0,edgedgraphene+chain
1D-005,7,0.0636261401639533,0.979565496340042,0.0118057774732435,0.2582999933601047,0.0119234572670609,0.5331398948404475,1.0614466848916493,0.3851788706691832,0.2823993792964885,0.10710475001677,0.9362555439222696,1.1775668091938942,0.9889578978379704,0.6146281915868447,0.3070387204492878,2.5,edgedgraphene+chain
2D-000,0,0.0784055110298628,1.4961331526477923,0.0195952445623123,0.4269030778234361,0.0168134212024028,0.7539607028811429,1.5845482137738205,0.613493994447265,0.4518502196625382,0.1606757752879388,1.3751552437989665,1.7604525490852097,1.5084687543467554,0.9541561723745388,0.4793393689934221,3.0,graphene4
2D-000,1,0.078405511029863,1.496133152647792,0.0195952445623124,0.4269030778234364,0.0168134212024027,0.7539607028811435,1.5845482137738205,0.613493994447265,0.4518502196625385,0.1606757752879388,1.375155243798967,1.7604525490852094,1.5084687543467554,0.9541561723745392,0.4793393689934222,3.0,graphene4
2D-000,2,0.0784054223278288,1.4961334477721957,0.0195952279131064,0.4269030758129534,0.0168134223226139,0.753960666602383,1.5845483057043324,0.6134939764369511,0.4518502104837714,0.1606757735750332,1.3751552517470769,1.7604525779913964,1.508468773607864,0.954156172008474,0.4793393635697107,3.0,graphene4
2D-000,3,0.0784054223278288,1.4961334477721957,0.0195952279131064,0.4269030758129533,0.016813422322614,0.753960666602383,1.584548305704332,0.6134939764369509,0.4518502104837715,0.1606757735750333,1.3751552517470766,1.7604525779913966,1.5084687736078637,0.954156172008474,0.4793393635697108,3.0,graphene4
2D-000,4,0.0784054157332779,1.4961334656791407,0.019595227377154,0.4269030814014674,0.0168134207591692,0.753960658654296,1.584548309055755,0.6134939799643878,0.4518502206136316,0.1606757797778297,1.375155248309989,1.7604525796989707,1.5084687818141451,0.9541561834382004,0.4793393729017716,3.0,graphene4
2D-000,5,0.0784054157332779,1.4961334656791407,0.019595227377154,0.4269030814014677,0.0168134207591691,0.753960658654296,1.584548309055755,0.6134939799643881,0.4518502206136321,0.1606757797778296,1.3751552483099894,1.7604525796989712,1.5084687818141458,0.954156183438201,0.4793393729017717,3.0,graphene4
2D-000,6,0.0784054015502724,1.4961335128119924,0.0195952247268785,0.4269030764611978,0.0168134221546581,0.7539606527321553,1.5845483236618374,0.6134939758984286,0.4518502106938238,0.160675774295539,1.375155248958896,1.7604525820318568,1.5084687792363782,0.9541561749006486,0.4793393645871626,3.0,graphene4
2D-000,7,0.0784054015502724,1.496133512811992,0.0195952247268784,0.4269030764611977,0.0168134221546581,0.7539606527321553,1.584548323661837,0.6134939758984282,0.4518502106938235,0.1606757742955389,1.3751552489588958,1.7604525820318564,1.5084687792363771,0.954156174900648,0.4793393645871624,3.0,graphene4
2D-001,0,0.0783861433976525,1.496161183787624,0.0195926126595335,0.4268611008760016,0.0168117189783678,0.7539050457184602,1.58453355637759,0.6134834731442884,0.451802907943602,0.1606710658249302,1.3751053582577,1.7604024738161814,1.5084224426915498,0.9541139720228698,0.4793117929610749,3.0,graphene4
2D-001,1,0.0783861433976524,1.4961611837876236,0.0195926126595335,0.4268611008760017,0.0168117189783678,0.75390504571846,1.5845335563775902,0.6134834731442886,0.4518029079436023,0.1606710658249303,1.3751053582576998,1.760402473816182,1.5084224426915498,0.9541139720228702,0.479311792961075,3.0,graphene4
2D-001,2,0.0783860443805306,1.4961614403248154,0.0195926068000879,0.4268611473847195,0.0168117047155769,0.7539049094558529,1.584533595385324,0.6134835264787208,0.4518029922018539,0.1606711159600318,1.3751052874568686,1.7604024711784851,1.5084225191301188,0.9541140772923856,0.4793118737670857,3.0,graphene4
2D-001,3,0.0783860443805307,1.4961614403248151,0.0195926068000879,0.4268611473847198,0.0168117047155768,0.7539049094558532,1.584533595385324,0.6134835264787208,0.4518029922018543,0.1606711159600317,1.3751052874568686,1.7604024711784856,1.508422519130119,0.9541140772923862,0.4793118737670859,3.0,graphene4
2D-001,4,0.0783861044478754,1.4961613108609944,0.0195926057973013,0.4268611028164905,0.0168117185857249,0.7539050263267085,1.58453359448152,0.6134834681670741,0.4518029092120229,0.1606710680749607,1.3751053589965336,1.7604024857583631,1.508422454398859,0.954113977558739,0.4793117953517284,3.0,graphene4
2D-001,5,0.0783861044478753,1.4961613108609946,0.0195926057973013,0.4268611028164905,0.0168117185857249,0.7539050263267081,1.58453359448152,0.6134834681670742,0.4518029092120228,0.1606710680749608,1.3751053589965334,1.7604024857583631,1.5084224543988587,0.9541139775587388,0.4793117953517285,3.0,graphene4
2D-001,6,0.0783860961504108,1.4961613353725374,0.0195926047808568,0.426861107537167,0.0168117171413931,0.7539050188630546,1.5845336003917112,0.613483470366524,0.4518029173817328,0.1606710730829758,1.375105356663887,1.760402488298692,1.5084224618741136,0.9541139869958276,0.4793118028637305,3.0,graphene4
2D-001,7,0.0783860961504109,1.4961613353725371,0.0195926047808567,0.4268611075371669,0.0168117171413931,0.7539050188630547,1.584533600391711,0.6134834703665238,0.4518029173817328,0.1606710730829759,1.375105356663887,1.7604024882986922,1.508422461874113,0.9541139869958276,0.4793118028637305,3.0,graphene4
2D-002,0,0.0783280983740276,1.4962450077707454,0.0195839496793189,0.4267370090875912,0.0168065918157005,0.753737992826491,1.5844891899372615,0.613449904405025,0.4516597809223077,0.1606568159149686,1.3749550843560086,1.7602508141255058,1.5082814215667577,0.9539855242911168,0.4792280869024989,3.0,graphene4
2D-002,1,0.0783280983740275,1.4962450077707454,0.0195839496793189,0.4267370090875912,0.0168065918157005,0.7537379928264909,1.5844891899372615,0.6134499044050252,0.4516597809223077,0.1606568159149686,1.3749550843560083,1.7602508141255062,1.5082814215667577,0.9539855242911166,0.479228086902499,3.0,graphene4
2D-002,2,0.0783281933065919,1.4962447101213463,0.0195839643037671,0.4267370025009587,0.0168065935136563,0.7537380558628383,1.584489107588377,0.6134499061054346,0.451659773327812,0.1606568084993586,1.3749550963648425,1.7602507936840983,1.5082813913676454,0.9539855044363688,0.4792280764039478,3.0,graphene4
2D-002,3,0.0783281933065918,1.4962447101213463,0.0195839643037671,0.4267370025009589,0.0168065935136563,0.7537380558628382,1.5844891075883774,0.6134499061054348,0.4516597733278123,0.1606568084993587,1.3749550963648425,1.7602507936840983,1.5082813913676456,0.953985504436369,0.479228076403948,3.0,graphene4
2D-002,4,0.078328159817409,1.4962448195584344,0.0195839583719289,0.4267370034897619,0.0168065934089461,0.7537380394307259,1.5844891405065251,0.6134499014931027,0.4516597732215576,0.1606568097552895,1.3749550971404674,1.760250803786224,1.5082814006578924,0.9539855079851364,0.479228077425565,3.0,graphene4
2D-002,5,0.0783281598174093,1.496244819558434,0.0195839583719289,0.4267370034897619,0.0168065934089462,0.7537380394307267,1.5844891405065251,0.6134499014931024,0.4516597732215576,0.1606568097552896,1.374955097140468,1.7602508037862248,1.5082814006578924,0.9539855079851364,0.479228077425565,3.0,graphene4
2D-002,6,0.0783281630795815,1.4962448126437928,0.0195839582961697,0.4267369993573213,0.016806594602029,0.7537380459437444,1.5844891405573651,0.6134498977547878,0.4516597655488448,0.1606568052017277,1.3749551009792047,1.760250803849864,1.508281395038466,0.9539854993622008,0.479228070358737,3.0,graphene4
2D-002,7,0.0783281630795811,1.4962448126437935,0.0195839582961698,0.4267369993573218,0.016806594602029,0.7537380459437433,1.5844891405573651,0.6134498977547885,0.4516597655488454,0.1606568052017276,1.374955100979204,1.760250803849864,1.5082813950384666,0.9539854993622016,0.4792280703587372,3.0,graphene4
2D-003,0,0.0775447822753169,1.4969515896736398,0.0194923270437126,0.4245091554280661,0.0167194880364712,0.7509580245322935,1.5835046171226428,0.61293135313759,0.4491808506042672,0.1603987826014049,1.3723567991361674,1.757575431508548,1.5057994094075122,0.9517512629625808,0.4777747046155811,3.0,graphene2
2D-003,1,0.0775435515758403,1.4969530789331664,0.0194925478964675,0.4245091573484201,0.0167194865045742,0.7509541475798013,1.5835036338792747,0.6129332358185338,0.4491810144227457,0.1603987851322778,1.3723539120057833,1.7575738003972248,1.5057995867192389,0.9517519579439276,0.4777750603011018,3.0,graphene2
2D-003,2,0.0775442182188719,1.4969501349586274,0.0194927890872608,0.4245091685056471,0.0167194791847884,0.7509536612621099,1.5835023976946814,0.612933859333324,0.4491811348154755,0.1603987945532611,1.3723531621078482,1.7575731036092377,1.5057994018333192,0.9517521021731444,0.4777751859844365,3.0,graphene2
2D-003,3,0.0775407454987446,1.4969553652372551,0.0194932386394447,0.4245091686166107,0.0167194791776683,0.7509439656470491,1.583500474026169,0.6129383811717997,0.4491814972616433,0.1603987974141273,1.3723461283747325,1.75756926130813,1.50579994532945,0.9517538136625134,0.4777760374917472,3.0,graphene2
2D-003,4,0.0775402444395949,1.4969580606799462,0.0194929758691808,0.4245091574341256,0.0167194864992117,0.7509449154808073,1.583501802729795,0.6129375413218976,0.4491813595140899,0.1603987878489429,1.3723472147308484,1.7575701420478482,1.505800104366679,0.951753587612248,0.4777758710737483,3.0,graphene2
2D-003,5,0.0775414751390713,1.4969565714204214,0.0194927550637738,0.4245091553457415,0.0167194880418337,0.7509487924335083,1.583502785988823,0.612935658751248,0.4491811956898685,0.1603987852836437,1.3723501018872213,1.7575717732186371,1.505799927126065,0.9517528926659856,0.4777755153823761,3.0,graphene2
2D-003,6,0.0775427484951984,1.496952942531793,0.0194928790918991,0.424509161653646,0.0167194823086876,0.7509502766606415,1.5835020751255218,0.6129353154916409,0.4491812236993023,0.1603987887562442,1.372350827944831,1.7575719150235347,1.505799652312089,0.9517526753858,0.4777754522160859,3.0,graphene2
2D-003,7,0.077546221215326,1.4969477122531627,0.019492429468175,0.4245091617610577,0.0167194823015675,0.7509599722753845,1.583503998769647,0.6129307934715595,0.4491808612343581,0.1603987859461743,1.3723578616348788,1.757575757222554,1.5057991086853777,0.9517509638180168,0.477774600701717,3.0,graphene2
2D-004,0,0.0759383297745159,1.4996245261019103,0.0192724175544278,0.4215173966197169,0.0165992976717414,0.7467687146665836,1.582611548945851,0.6122000328147937,0.4457895912191197,0.1600645804468816,1.3687047605247098,1.7539952002611718,1.5025322144326163,0.9487596835330566,0.4758090355980136,3.0,graphene
2D-004,1,0.0759590622224342,1.4995959186758898,0.0192718856256988,0.4215383102266082,0.0166005871786924,0.7468300511441999,1.582626750347707,0.6121889673575642,0.4458120346463263,0.1600675485768767,1.3687543955370112,1.7540339762570911,1.5025537230357078,0.9487750918364016,0.4758202801951995,3.0,graphene
2D-004,2,0.0759976241576656,1.4995426244265362,0.019263127053793,0.4215149026108876,0.0165993209882294,0.7469439895300978,1.5826507048692489,0.6121145064565753,0.4457798559477526,0.1600644119243524,1.3688329469212892,1.754065053194589,1.5025204081031742,0.9487256148854768,0.4757915955401627,3.0,graphene
2D-004,3,0.0760358244718453,1.4994899403012074,0.0192606639695482,0.4215396505643898,0.0165949829158042,0.7470570280003899,1.5826779187188442,0.6120831385530923,0.4458001448672105,0.1600591496416033,1.3689214485444647,1.7541268931438845,1.5025407603658676,0.9487297362923371,0.4757928682554034,3.0,graphene
2D-004,4,0.0759624723316315,1.4995911089965102,0.0192702625467368,0.4215289096430181,0.0165983365337277,0.7468400016292864,1.5826283150906766,0.6121763230107183,0.4457990697287236,0.1600636936408992,1.3687596201450691,1.7540316172595152,1.5025411777976871,0.9487594443157724,0.4758094219058018,3.0,graphene
2D-004,5,0.07593540962184,1.4996287006231153,0.0192717057317178,0.4215080103491223,0.0165970456681261,0.7467602526549094,1.5826091162038936,0.6121960816144493,0.4457773292740191,0.1600607266938502,1.3686965053526592,1.7539853829274696,1.5025206194717189,0.948747283551535,0.475799805142379,3.0,graphene
2D-004,6,0.0760139043585537,1.4995201527108553,0.0192627881604258,0.4215314129771496,0.0165983126122344,0.7469921427531887,1.582662675484092,0.6121061700568928,0.4457959465583619,0.1600637610669825,1.368871931943335,1.754095323010379,1.5025362993903773,0.9487354020961184,0.4757975901011236,3.0,graphene
2D-004,7,0.0759693737825003,1.4995818210368554,0.0192661656983386,0.4215066691662947,0.0166026499627717,0.7468606918003078,1.582631465217927,0.6121462388584306,0.4457763610277403,0.1600690223223665,1.368769952378824,1.754026029031987,1.5025169028042162,0.9487345313133122,0.4757979453193309,3.0,graphene
2D-005,0,0.1100746852210484,1.4440809945695734,0.097592705567613,0.4393029471589223,0.0021846196099118,0.8350062939731233,1.622833436951428,0.7796092731064714,0.5827393943476771,0.1267964643896595,1.4836524643566351,1.9240569992520755,1.70417514315324,1.1096849007997562,0.545448602268279,3.0,graphene
2D-005,1,0.1100364636479401,1.444147585996482,0.0974006715260779,0.4395144441635397,0.0021818349548118,0.8349155723585427,1.6227762283053395,0.7794224677408914,0.5827207322937332,0.1268273569393822,1.4835280484678428,1.9238861007407744,1.704007603636181,1.109586388106444,0.5454258668119181,3.0,graphene
2D-005,2,0.0793356745402325,1.474125508941884,0.0486618668817695,0.3031028555053167,0.0143877166150321,0.7373398658008832,1.5766969957638843,0.6441714280011078,0.3913619804041066,0.1284939208293805,1.3633344742068396,1.7502304806888276,1.48828652293147,0.9121461810311496,0.4341120099917739,3.0,graphene
2D-005,3,0.0813780044258879,1.4608299715821045,0.051292794888979,0.3004139075563003,0.0145995929275816,0.7351489337088101,1.5716757497566476,0.6482761527018415,0.3909991952871733,0.127800870950398,1.3603462132602002,1.7478463026331357,1.487995535823385,0.9125695650883692,0.4340197303860532,3.0,graphene
2D-005,4,0.0792832554076333,1.474170105372722,0.0486946445152814,0.3030187261626073,0.0143934324110841,0.7371811076466915,1.576655646392856,0.6442325457273912,0.3913019836073715,0.1284831506370011,1.3632107617168476,1.750143649149629,1.488249756454017,0.9121187521758192,0.4340861072839068,3.0,graphene
2D-005,5,0.0813923753118755,1.4608742229514151,0.0513792405587313,0.3002615613743803,0.0146059092508529,0.7352296347465169,1.5717435660820491,0.6483318483700178,0.3909648081711169,0.127773044725001,1.3604425745246145,1.7479482546763905,1.4880563984191433,0.9125750208466914,0.4339977001570167,3.0,graphene
2D-005,6,0.0464280781473991,1.4974312814942805,0.0575905547247,0.2596700858720446,0.0173991480034254,0.6261820478546354,1.5419361239668143,0.686667131591483,0.364773110293677,0.1247485673332668,1.2747153759269554,1.688440767806825,1.4676006778468489,0.9035898120910468,0.4253344333899446,3.0,graphene
2D-005,7,0.0464515389394667,1.4975065698705785,0.0576008475176748,0.2596503630786896,0.0173986070944901,0.6263198205469542,1.5420208293120004,0.6866335839982972,0.3647838712498163,0.1247446732634914,1.2748456793235547,1.6885482828947218,1.467646148037645,0.9035984578015748,0.4253342752667898,3.0,graphene
3D-000,0,0.0780385189782804,1.4962821397129042,0.0195610043569632,0.4256136203982836,0.0167647550243251,0.7524273208347373,1.5839177830784748,0.6132135840573881,0.4504384855595761,0.1605242431340811,1.3736856774091593,1.7589172989653803,1.5070411667227923,0.952878147240104,0.4785090503925706,3.0,graphite
3D-000,1,0.0780339799628688,1.4962890178142394,0.019561584842969,0.4256136184434206,0.0167647551451885,0.7524147080998563,1.5839153078638866,0.6132194579399346,0.4504389547930877,0.1605242464656005,1.3736765370317965,1.7589123131562454,1.5070418795276908,0.9528803727893672,0.4785101562460743,3.0,graphite
3D-000,2,0.0780356092014306,1.4962850486504755,0.0195616307955464,0.4256136123721129,0.016764753735195,0.7524173971175038,1.5839149440308118,0.6132185112673479,0.4504389036889509,0.1605242336717512,1.3736781734434045,1.7589129737501032,1.507041540850724,0.9528799126769592,0.4785099578742463,3.0,graphite
3D-000,3,0.0780355355706062,1.4962851394229826,0.0195616437988054,0.4256136287011616,0.0167647492125128,0.7524171669510585,1.5839148865740684,0.6132186273759744,0.4504389436558246,0.1605242524321421,1.3736780042114558,1.758912885294552,1.507041571865818,0.9528799843844776,0.4785100056244258,3.0,graphite
3D-000,4,0.0780305718076573,1.4962932205105857,0.0195621832740323,0.425613603870661,0.01676475720889,0.7524040555346634,1.5839126445042333,0.613224610676199,0.4504393619253293,0.1605242292241789,1.373668615034692,1.7589078375822678,1.5070423468763443,0.952882240434002,0.4785110960926725,3.0,graphite
3D-000,5,0.078035110823069,1.4962863424092756,0.019561603680653,0.4256136019112521,0.0167647573297535,0.7524166682734301,1.5839151199977195,0.613218738543591,0.4504388919983049,0.1605242252238321,1.373677755818849,1.7589128242463028,1.5070416349126636,0.952880015002446,0.4785099897922159,3.0,graphite
3D-000,6,0.0780345920169591,1.496286563992847,0.0195617652653376,0.4256136289437181,0.0167647491973499,0.7524145375671987,1.5839143671176044,0.6132198527874143,0.4504390418246976,0.1605242532430336,1.3736760974656437,1.7589118442386074,1.5070417196478445,0.9528804484382216,0.4785102364356945,3.0,graphite
3D-000,7,0.0780346656477833,1.4962864732203431,0.0195617523793936,0.4256136121305138,0.0167647537503579,0.7524147677341562,1.5839144246117562,0.6132197369234826,0.4504390017911482,0.1605242343950189,1.3736762667547238,1.7589119328181095,1.507041688764748,0.9528803767691022,0.4785101886406442,3.0,graphite
3D-001,0,0.0146976503849692,1.8158499797576764,0.0827581216454471,0.691785723497598,0.024355981413252,0.5620074749460935,1.883391624236028,1.0714704605094432,0.7535730539883025,0.2973542513436506,1.4645806110591932,2.130747211145184,2.0785284198443468,1.474676273292192,0.8006887196984454,4.0,diamond
3D-001,1,0.0146931055552975,1.81576907980476,0.0827743470499288,0.6917857963849057,0.0243575408330137,0.5619567042472753,1.8833453778933436,1.0715048978081,0.7535792272546192,0.2973559279359529,1.4645301924333685,2.1307101645689617,2.0785238744422228,1.474687582524624,0.8006971329122736,4.0,diamond
3D-001,2,0.0147034836613992,1.815953990524085,0.0827372534264598,0.6917857020574493,0.0243552801605967,0.5620726918681119,1.8834510617556384,1.0714262363399878,0.7535656910548619,0.297353429137253,1.4646454147008217,2.130794966775551,2.078534788845473,1.4746628212219894,0.8006792453716937,4.0,diamond
3D-001,3,0.0146963094889172,1.815826253221141,0.0827628805868153,0.691785739827728,0.0243567344693102,0.5619925388560398,1.88337804707331,1.071480600557604,0.7535749877179895,0.2973550354605482,1.464565797235844,2.1307363644113684,2.0785272097196588,1.474679838448482,0.8006914862978727,4.0,diamond
3D-001,4,0.0146931605918533,1.8157656731440823,0.0827750860155557,0.6917857031534573,0.0243560576003162,0.5619559596083491,1.88334389852806,1.0715055739611523,0.7535786961851639,0.2973543785940416,1.4645291021839053,2.1307090330417293,2.0785229697390224,1.4746864686924643,0.8006957306883558,4.0,diamond
3D-001,5,0.0147025267446541,1.8159396927399163,0.0827400930041052,0.691785703598267,0.024355461850228,0.5620628504028761,1.8834425989580847,1.0714327983452412,0.7535667913185647,0.2973536362329319,1.4646358408518323,2.130788030866573,2.078534001054803,1.474664922152456,0.8006807275062204,4.0,diamond
3D-001,6,0.0146875353680756,1.8156653603362327,0.0827952069618473,0.6917857623736953,0.0243567866110096,0.5618930650664121,1.8832865733209585,1.071548209889589,0.7535858373884796,0.2973552423826643,1.4644666035210243,2.1306629783058946,2.078516848289756,1.4746994968798903,0.8007049378975303,4.0,diamond
3D-001,7,0.0146995308636866,1.8158862172823025,0.0827508290570774,0.6917857216235913,0.0243563063924879,0.5620293382541135,1.883412049228374,1.071455566836865,0.7535708013790803,0.297354540707167,1.4646025542174153,2.130763562028477,2.078530947130335,1.4746722527665703,0.8006860942063603,4.0,diamond
3D-002,0,0.0775748549492683,1.4973137250148698,0.019480306686086,0.4251033639456011,0.0167412214953685,0.7515455484562308,1.5838986013518463,0.6130400717786553,0.4498035044946412,0.1604714662147702,1.3729855944223055,1.7582735152154354,1.5064576150993665,0.9523279666764528,0.4781459285378017,3.0,graphite
3D-002,1,0.0775800822229241,1.497306783399151,0.0194793914310953,0.4251027751035058,0.0167408069778271,0.7515613555430917,1.5839022680223531,0.6130319844390641,0.449801833032349,0.1604708334570386,1.372997117247153,1.758279566868063,1.5064558874785463,0.9523239197648986,0.478143476960235,3.0,graphite
3D-002,2,0.077608111564879,1.4972668071609447,0.0194775237469994,0.4251181653449647,0.0167380156262865,0.7516426392546429,1.5839209497151117,0.613007840038007,0.449814129538566,0.1604672839150581,1.3730600393818155,1.7583223511877175,1.5064680489014035,0.9523246235095308,0.4781432221601797,3.0,graphite
3D-002,3,0.0775959022144513,1.4972841188372554,0.0194792607349021,0.4251189648016761,0.0167411712082335,0.7516071061480329,1.5839132154522315,0.6130247922376517,0.449819042650106,0.1604721867809258,1.3730341781194912,1.758308797845754,1.5064725140062358,0.9523357160501198,0.4781516150115505,3.0,graphite
3D-002,4,0.0775924024620629,1.4972892038054657,0.0194788506479945,0.4251120709721548,0.0167399168455752,0.7515970732684459,1.5839106285729667,0.6130234281072734,0.4498103368155702,0.1604699447560318,1.373025291807588,1.7582999801148214,1.506464210755591,0.9523275567311602,0.4781456326246042,3.0,graphite
3D-002,5,0.0775922657244489,1.4972893031575747,0.0194789620538695,0.4251126583211092,0.0167403314319249,0.7515965561231562,1.5839105006730851,0.613024203697456,0.4498113957538833,0.1604705732377713,1.3730250357162168,1.7583002094634632,1.5064651746411195,0.952328881126451,0.4781467083336133,3.0,graphite
3D-002,6,0.0775586494013196,1.497336843107384,0.0194816996081397,0.4250972869767918,0.0167431194462173,0.7514985603929425,1.5838879805479478,0.6130563237970668,0.4497997821346427,0.16047414004207,1.372949808709686,1.7582505734039633,1.506453859262986,0.9523311651901392,0.4781484794325988,3.0,graphite
3D-002,7,0.077575949287789,1.4973126891675126,0.0194791607698472,0.4250964846383444,0.016739964038043,0.751549383450316,1.583899254340836,0.6130320666378533,0.4497942605216627,0.1604692317483248,1.3729869383541136,1.75827041206435,1.5064486369055388,0.9523173555211948,0.4781387129773506,3.0,graphite
3D-003,0,0.0147203204267796,1.8105774849710008,0.0841548616725819,0.7189827302387091,0.0288683672820514,0.5605434511324185,1.8812579923306445,1.080671731070595,0.7885970736379029,0.3191137288243253,1.465388974419753,2.1397031775730007,2.1033998504429228,1.51183988204935,0.8336388822988653,4.0,hexdiamond
3D-003,1,0.0147215880206084,1.810598445759128,0.084150882735764,0.7190116108068123,0.0288623526979286,0.5605571115574085,1.8812705231140512,1.0806712844597386,0.788617559377535,0.3191151770274818,1.465404827775074,2.1397212016298366,2.103417477145071,1.511856017503332,0.833649131466911,4.0,hexdiamond
3D-003,2,0.0147234206459522,1.8106341678341653,0.0841432217455303,0.7189796023447277,0.0288686048733752,0.5605784198215885,1.8812901363523704,1.0806462265800625,0.7885906554630767,0.3191137656153999,1.4654234566414168,2.1397277105146326,2.103401157248495,1.511830533371216,0.8336327565150252,4.0,hexdiamond
3D-003,3,0.0147208670048965,1.8105948864220696,0.0841512613794832,0.7190012014532776,0.0288644370802694,0.5605518477972,1.8812673328151468,1.0806707757862202,0.7886099507523554,0.319115027410467,1.4653993396683829,2.1397150419760465,2.103411205009928,1.5118501405738296,0.833645509755347,4.0,hexdiamond
3D-003,4,0.0147239904855915,1.8106379065324831,0.0841435319432034,0.7190301530523001,0.0288605917469509,0.5605828624277123,1.8812939493115808,1.080662536021255,0.7886299028934104,0.3191156561420202,1.4654324010159896,2.139746764408601,2.103432913247381,1.511864983776207,0.83365434712632,4.0,hexdiamond
3D-003,5,0.0147212943499201,1.8105961689916648,0.084151645042844,0.719001260347228,0.028866661770227,0.5605547193101975,1.8812690437027737,1.0806725616351716,0.7886109162883187,0.3191143257670517,1.4654024754526038,2.1397185201298816,2.1034140227039524,1.5118517411292771,0.833646060897949,4.0,hexdiamond
3D-003,6,0.0147218602872392,1.8106082778027413,0.084149457494432,0.7190279033677495,0.0288619033657215,0.560561620357717,1.881276175346028,1.0806766272769228,0.7886306814066086,0.3191157974279786,1.4654118900088686,2.1397317896011376,2.1034306108619694,1.511868429501203,0.833656699846873,4.0,hexdiamond
3D-003,7,0.0147229853864525,1.810626782462258,0.0841455645951988,0.719006361087707,0.0288661263774515,0.5605737097562842,1.881286611270272,1.0806617443896618,0.7886129704347316,0.3191146388487717,1.4654219558435135,2.139734297614397,2.103419397089018,1.5118518054255858,0.83364595379385,4.0,hexdiamond
3D-004,0,0.0144976395742489,1.7931360790376147,0.0864440841296271,0.6043272320159644,0.0389584447240782,0.55393734615091,1.8707172086691488,1.0453070284128274,0.6984690179411658,0.3061055634727613,1.4469441114361965,2.0972629214294924,2.0300438421326965,1.4289932677564494,0.7774747909226288,4.0,sp3+4ring
3D-004,1,0.0144834355609886,1.7929571389918186,0.0864834934691912,0.604281457323638,0.0389724351087461,0.5538026503137702,1.8706082828310369,1.0453994796233028,0.6984585333006466,0.3061013108546948,1.446815736519525,2.0971689810267167,2.03002501928027,1.4290049798303206,0.7774800932492517,4.0,sp3+4ring
3D-004,2,0.01495308874749,1.806791914970599,0.1592929427100097,0.563045131431761,0.0351085494733188,0.5610641159843534,1.897707885785073,1.1489717965478536,0.7220712358211592,0.2746948864508252,1.4828511909190776,2.1694970296636344,2.1170652087092967,1.4827821878261558,0.7854193001951424,4.0,sp3+4ring
3D-004,3,0.0149465999825029,1.806668777938874,0.1593712772894374,0.5631994409135161,0.0351056342754143,0.5609903401206479,1.8976556681601773,1.149164775105629,0.7222535749772117,0.2747105351191006,1.4828151338413835,2.1695499520375554,2.117242062382991,1.4829865281632535,0.78554488562823,4.0,sp3+4ring
3D-004,4,0.0149466923286538,1.8067210059413463,0.1593651891655544,0.5632012783050087,0.0351174153801955,0.5610068151475381,1.8976828756427009,1.1491790992459812,0.7222646998441348,0.2747063148503296,1.4828417385199215,2.1695838267307805,2.1172715786827285,1.4830041326065873,0.785551516196745,4.0,sp3+4ring
3D-004,5,0.0149371047497837,1.806559170003422,0.1593349611154078,0.5630155721842635,0.0351073646852889,0.560903001976673,1.8975664428529089,1.1490446217268746,0.7220552749977953,0.2747017521787061,1.4826860734893077,2.169359679828778,2.117012988093253,1.482779402677291,0.7854239678986376,4.0,sp3+4ring
3D-004,6,0.0145045362770276,1.7934074713793045,0.0864014131750662,0.604400692981012,0.0389632587429587,0.5540597519395614,1.870863854953838,1.045301704110208,0.6985531291577445,0.3061123614894185,1.4470979694432506,2.097428357273661,2.030170253885445,1.4290783384976178,0.7775230636479543,4.0,sp3+4ring
3D-004,7,0.0145076946305995,1.7934451398064362,0.0863979546584447,0.6043737376239837,0.0389674804563971,0.5540890994401,1.8708889552460448,1.0452941064971624,0.6985390915671316,0.3061020345533519,1.4471281582318931,2.0974523930583087,2.0301737660372017,1.4290662191988763,0.7775093880513139,4.0,sp3+4ring
3D-005,0,0.0239949982480225,1.928453202419111,0.060932561790577,0.6077503819047637,0.0301514802950556,0.6483944774062192,1.953058304274773,0.9973989282979114,0.6645860274101019,0.2619313077966208,1.541060710619301,2.166270795021367,2.02985698011041,1.3804804222865177,0.7256796636981414,4.0,crossedgraphene
3D-005,1,0.0636067899778531,1.479595227939715,0.0398048693609371,0.4818438638854502,0.0152232904562928,0.6840085746045849,1.5569861531940583,0.7007063959531691,0.5310392200789735,0.1777890647727393,1.3307582458765994,1.7635017372747852,1.580468964113194,1.0474998796831914,0.5413627360624278,3.0,crossedgraphene
3D-005,2,0.0240051845108574,1.9285193972689023,0.0609240312719453,0.607918014177624,0.0301332498523837,0.6484686719618743,1.9531129387881203,0.9974331302332378,0.6647126817838099,0.2619290211750506,1.5411477127981148,2.1663796951362198,2.029976100573468,1.380588599868039,0.7257429881851704,4.0,crossedgraphene
3D-005,3,0.0675049111499656,1.471234515474423,0.0375984720210425,0.4545082594019507,0.01636315367018,0.6931294000625524,1.5563166048237236,0.6785038999997102,0.5042789294792305,0.1768402953428366,1.3323355866239877,1.7525692193711888,1.5545808076666374,1.019530792221541,0.5246812918751479,3.0,crossedgraphene
3D-005,4,0.0772787254601422,1.4963557647238206,0.017240277117984,0.3906725418990525,0.0176485659610254,0.7490373535867324,1.5809824764327476,0.5919691571268878,0.4164736031949692,0.1584316001405878,1.3651817374764326,1.7395196642174429,1.4749828559428693,0.9193478570269464,0.4577606560052953,3.0,crossedgraphene
3D-005,5,0.0773835311661826,1.4961928538737863,0.0172203306731354,0.3907633491303471,0.0176532049441996,0.7493224586373224,1.5810338347360082,0.5918369128270783,0.416521111312072,0.1584621094650337,1.3653884649201156,1.7396407576328394,1.4749973273938497,0.9193492899323458,0.4577836595052008,3.0,crossedgraphene
3D-005,6,0.0634910649446999,1.4796867886699392,0.0397830817942453,0.4817195018135531,0.0152284669220338,0.6836435507684592,1.5568609714668795,0.7007071493914555,0.5308719606797219,0.1777950679219843,1.3304352982047596,1.763213572574624,1.58027078169975,1.0473613546927716,0.5412849679486664,3.0,crossedgraphene
3D-005,7,0.0675041780856881,1.4712293692411342,0.0376317516695676,0.4544686270164158,0.0163652030861019,0.6931240610449038,1.5563212681291427,0.6785574408106818,0.5042931201975837,0.1768349923292726,1.3323436667169606,1.752596856829231,1.5546227487207287,1.019563408324909,0.5246938108605094,3.0,crossedgraphene
