key,atomid,up,down
1D-000,0,2.644,1.41
1D-000,1,2.009,1.998
1D-000,2,2.009,1.998
1D-000,3,1.948,2.015
1D-000,4,1.948,2.015
1D-000,5,2.1,1.878
1D-000,6,2.1,1.878
1D-000,7,2.644,1.41
1D-001,0,2.0,2.0
1D-001,1,2.0,2.0
1D-001,2,2.0,2.0
1D-001,3,2.0,2.0
1D-001,4,2.0,2.0
1D-001,5,2.0,2.0
1D-001,6,2.0,2.0
1D-001,7,2.0,2.0
1D-002,0,2.05,1.95
1D-002,1,2.05,1.95
1D-002,2,2.05,1.95
1D-002,3,2.049,1.951
1D-002,4,2.051,1.949
1D-002,5,2.049,1.951
1D-002,6,2.051,1.95
1D-002,7,2.05,1.95
1D-003,0,1.96,2.005
1D-003,1,2.093,1.9
1D-003,2,2.001,1.999
1D-003,3,2.65,1.401
1D-003,4,2.65,1.401
1D-003,5,2.088,1.892
1D-003,6,2.003,2.001
1D-003,7,1.955,2.002
1D-004,0,2.002,1.999
1D-004,1,2.092,1.902
1D-004,2,1.959,2.007
1D-004,3,2.651,1.4
1D-004,4,2.003,1.999
1D-004,5,2.088,1.892
1D-004,6,2.651,1.399
1D-004,7,1.953,2.002
1D-005,0,2.649,1.4
1D-005,1,2.09,1.894
1D-005,2,2.002,2.0
1D-005,3,1.955,2.002
1D-005,4,1.958,2.004
1D-005,5,2.094,1.899
1D-005,6,2.002,1.999
1D-005,7,2.65,1.401
1D-006,0,2.026,2.026
1D-006,1,1.974,1.974
1D-006,2,2.026,2.026
1D-006,3,1.974,1.974
1D-006,4,2.026,2.026
1D-006,5,1.974,1.974
1D-006,6,2.026,2.026
1D-006,7,1.974,1.974
1D-007,0,2.01,1.984
1D-007,1,1.983,2.005
1D-007,2,2.158,1.9
1D-007,3,1.983,2.005
1D-007,4,2.01,1.984
1D-007,5,2.021,1.939
1D-007,6,2.158,1.9
1D-007,7,2.021,1.939
1D-008,0,2.028,1.948
1D-008,1,2.557,1.505
1D-008,2,2.083,1.885
1D-008,3,2.646,1.407
1D-008,4,2.095,1.851
1D-008,5,1.966,2.03
1D-008,6,2.058,1.977
1D-008,7,1.961,2.003
1D-009,0,2.0,2.0
1D-009,1,2.0,2.001
1D-009,2,2.0,2.0
1D-009,3,2.0,2.0
1D-009,4,2.0,2.0
1D-009,5,2.0,2.001
1D-009,6,2.0,2.0
1D-009,7,2.0,2.0
1D-010,0,2.644,1.41
1D-010,1,2.089,1.879
1D-010,2,2.025,1.979
1D-010,3,2.025,2.06
1D-010,4,1.93,2.032
1D-010,5,1.98,2.051
1D-010,6,1.883,1.929
1D-010,7,2.024,2.059
1D-011,0,1.981,2.0
1D-011,1,2.409,1.64
1D-011,2,1.87,2.053
1D-011,3,2.408,1.64
1D-011,4,1.87,2.053
1D-011,5,2.407,1.64
1D-011,6,1.981,2.0
1D-011,7,2.408,1.639
1D-012,0,2.013,1.967
1D-012,1,2.091,1.874
1D-012,2,1.927,2.018
1D-012,3,2.678,1.389
1D-012,4,2.134,1.941
1D-012,5,1.963,2.04
1D-012,6,2.615,1.425
1D-012,7,1.977,1.946
1D-013,0,2.0,2.0
1D-013,1,2.0,2.0
1D-013,2,2.0,2.0
1D-013,3,2.0,2.0
1D-013,4,2.0,2.0
1D-013,5,2.0,2.0
1D-013,6,2.0,2.0
1D-013,7,2.0,2.0
1D-014,0,2.0,2.0
1D-014,1,2.0,2.0
1D-014,2,2.0,2.0
1D-014,3,2.0,2.0
1D-014,4,2.0,2.0
1D-014,5,2.0,2.0
1D-014,6,2.0,2.0
1D-014,7,2.0,2.0
1D-015,0,2.491,1.527
1D-015,1,2.009,1.949
1D-015,2,1.979,1.986
1D-015,3,2.099,2.008
1D-015,4,2.27,1.788
1D-015,5,1.983,2.004
1D-015,6,2.007,1.958
1D-015,7,1.962,1.979
1D-016,0,2.001,2.001
1D-016,1,2.001,2.001
1D-016,2,1.999,1.999
1D-016,3,1.999,1.999
1D-016,4,2.001,2.001
1D-016,5,2.001,2.001
1D-016,6,1.999,1.999
1D-016,7,1.999,1.999
1D-017,0,1.999,1.999
1D-017,1,2.001,2.001
1D-017,2,1.999,1.999
1D-017,3,2.001,2.001
1D-017,4,1.999,1.999
1D-017,5,2.001,2.001
1D-017,6,1.999,1.999
1D-017,7,2.001,2.001
1D-018,0,2.001,2.001
1D-018,1,1.999,1.999
1D-018,2,2.001,2.001
1D-018,3,1.999,1.999
1D-018,4,2.001,2.001
1D-018,5,1.999,1.999
1D-018,6,2.001,2.001
1D-018,7,1.999,1.999
1D-019,0,2.001,2.002
1D-019,1,1.999,1.999
1D-019,2,2.001,2.002
1D-019,3,1.999,1.999
1D-019,4,2.001,2.0
1D-019,5,1.999,1.999
1D-019,6,2.001,2.0
1D-019,7,1.999,1.999
1D-020,0,1.999,1.999
1D-020,1,2.001,2.001
1D-020,2,1.999,1.999
1D-020,3,2.001,2.0
1D-020,4,2.0,2.0
1D-020,5,2.001,2.001
1D-020,6,1.999,1.999
1D-020,7,2.001,2.001
1D-021,0,1.999,1.999
1D-021,1,1.999,2.0
1D-021,2,1.999,2.0
1D-021,3,2.004,2.004
1D-021,4,2.003,2.003
1D-021,5,2.001,2.0
1D-021,6,1.998,1.997
1D-021,7,1.997,1.998
1D-022,0,1.999,1.999
1D-022,1,2.001,2.001
1D-022,2,2.0,2.0
1D-022,3,2.0,2.0
1D-022,4,2.0,2.0
1D-022,5,2.0,2.0
1D-022,6,2.001,2.001
1D-022,7,1.999,1.999
1D-023,0,2.0,2.0
1D-023,1,2.0,2.0
1D-023,2,2.001,2.001
1D-023,3,2.0,2.0
1D-023,4,2.0,2.0
1D-023,5,2.0,2.0
1D-023,6,2.001,2.001
1D-023,7,2.0,2.0
1D-024,0,2.0,2.0
1D-024,1,2.0,2.0
1D-024,2,2.001,2.001
1D-024,3,2.0,2.0
1D-024,4,2.0,2.0
1D-024,5,2.0,2.0
1D-024,6,2.001,2.001
1D-024,7,2.0,2.0
1D-025,0,2.194,1.891
1D-025,1,1.964,1.978
1D-025,2,1.97,1.975
1D-025,3,2.162,1.935
1D-025,4,2.397,1.631
1D-025,5,1.965,1.978
1D-025,6,1.97,1.974
1D-025,7,2.378,1.639
1D-026,0,1.965,1.958
1D-026,1,2.158,1.872
1D-026,2,2.035,2.027
1D-026,3,1.948,1.965
1D-026,4,2.042,1.973
1D-026,5,1.948,1.994
1D-026,6,2.014,1.965
1D-026,7,2.09,2.045
1D-027,0,2.042,2.055
1D-027,1,2.081,1.998
1D-027,2,1.918,2.099
1D-027,3,1.914,2.045
1D-027,4,1.929,1.9
1D-027,5,2.004,1.994
1D-027,6,2.081,1.886
1D-027,7,2.625,1.429
1D-028,0,2.002,2.002
1D-028,1,1.957,1.957
1D-028,2,2.017,2.016
1D-028,3,2.021,2.021
1D-028,4,2.002,2.002
1D-028,5,1.962,1.963
1D-028,6,2.018,2.018
1D-028,7,2.02,2.02
1D-029,0,2.523,1.522
1D-029,1,2.031,2.031
1D-029,2,2.088,2.017
1D-029,3,1.945,2.015
1D-029,4,1.928,2.022
1D-029,5,1.999,1.942
1D-029,6,2.001,1.913
1D-029,7,2.485,1.539
1D-030,0,2.036,2.036
1D-030,1,2.036,2.036
1D-030,2,2.036,2.036
1D-030,3,2.036,2.036
1D-030,4,1.964,1.964
1D-030,5,1.964,1.964
1D-030,6,1.964,1.964
1D-030,7,1.964,1.964
1D-031,0,1.977,1.998
1D-031,1,2.379,1.659
1D-031,2,2.42,1.612
1D-031,3,1.975,1.999
1D-031,4,2.092,1.819
1D-031,5,1.888,2.186
1D-031,6,1.854,2.223
1D-031,7,2.073,1.846
1D-032,0,1.937,1.937
1D-032,1,1.999,1.999
1D-032,2,2.037,2.037
1D-032,3,1.999,1.999
1D-032,4,1.937,1.937
1D-032,5,2.027,2.027
1D-032,6,2.037,2.037
1D-032,7,2.027,2.027
1D-033,0,2.123,1.875
1D-033,1,2.124,1.876
1D-033,2,2.001,1.999
1D-033,3,2.003,1.999
1D-033,4,2.123,1.877
1D-033,5,2.123,1.875
1D-033,6,2.001,1.999
1D-033,7,2.003,1.999
1D-034,0,2.003,1.999
1D-034,1,2.123,1.875
1D-034,2,2.002,1.999
1D-034,3,2.122,1.876
1D-034,4,2.002,1.999
1D-034,5,2.123,1.877
1D-034,6,2.003,1.999
1D-034,7,2.122,1.877
1D-035,0,2.0,1.999
1D-035,1,2.002,1.999
1D-035,2,2.125,1.88
1D-035,3,2.121,1.872
1D-035,4,2.0,1.999
1D-035,5,2.003,1.999
1D-035,6,2.125,1.877
1D-035,7,2.123,1.875
1D-036,0,1.999,1.999
1D-036,1,2.124,1.873
1D-036,2,2.128,1.878
1D-036,3,1.999,1.999
1D-036,4,1.999,1.999
1D-036,5,2.128,1.879
1D-036,6,2.123,1.873
1D-036,7,1.999,1.999
1D-037,0,1.964,1.964
1D-037,1,1.985,1.984
1D-037,2,2.09,2.09
1D-037,3,1.984,1.984
1D-037,4,2.09,2.09
1D-037,5,1.961,1.961
1D-037,6,1.965,1.965
1D-037,7,1.961,1.961
1D-038,0,2.004,1.999
1D-038,1,2.122,1.876
1D-038,2,2.002,1.999
1D-038,3,2.122,1.876
1D-038,4,2.003,1.999
1D-038,5,2.122,1.877
1D-038,6,2.002,1.999
1D-038,7,2.122,1.877
1D-039,0,2.016,2.009
1D-039,1,1.998,1.998
1D-039,2,2.003,2.009
1D-039,3,1.998,1.998
1D-039,4,2.013,2.006
1D-039,5,1.993,1.993
1D-039,6,1.982,1.988
1D-039,7,1.999,1.998
1D-040,0,2.074,2.049
1D-040,1,1.933,2.034
1D-040,2,2.015,1.92
1D-040,3,2.0,1.983
1D-040,4,2.014,2.008
1D-040,5,2.518,1.521
1D-040,6,2.101,1.954
1D-040,7,1.945,1.931
1D-041,0,2.002,2.002
1D-041,1,1.998,1.998
1D-041,2,2.002,2.002
1D-041,3,1.998,1.998
1D-041,4,2.002,2.002
1D-041,5,1.998,1.998
1D-041,6,2.002,2.002
1D-041,7,1.998,1.998
1D-042,0,2.004,2.004
1D-042,1,1.997,1.997
1D-042,2,2.001,2.001
1D-042,3,1.998,1.998
1D-042,4,2.004,2.004
1D-042,5,1.997,1.997
1D-042,6,2.001,2.001
1D-042,7,1.998,1.998
1D-043,0,2.001,2.001
1D-043,1,2.073,2.073
1D-043,2,1.99,1.99
1D-043,3,2.014,2.014
1D-043,4,2.0,2.0
1D-043,5,1.909,1.909
1D-043,6,1.984,1.984
1D-043,7,2.028,2.028
1D-044,0,1.974,1.98
1D-044,1,2.276,1.771
1D-044,2,2.276,1.771
1D-044,3,1.973,1.978
1D-044,4,1.974,1.98
1D-044,5,2.276,1.771
1D-044,6,2.276,1.771
1D-044,7,1.973,1.978
1D-045,0,2.027,2.026
1D-045,1,1.997,1.997
1D-045,2,1.959,1.96
1D-045,3,2.002,2.002
1D-045,4,2.027,2.027
1D-045,5,1.999,1.999
1D-045,6,2.001,2.001
1D-045,7,1.988,1.988
1D-046,0,1.985,1.985
1D-046,1,2.015,2.015
1D-046,2,1.985,1.985
1D-046,3,2.015,2.015
1D-046,4,1.985,1.985
1D-046,5,2.015,2.015
1D-046,6,1.985,1.985
1D-046,7,2.015,2.015
1D-047,0,2.052,2.052
1D-047,1,2.052,2.052
1D-047,2,1.948,1.948
1D-047,3,1.948,1.948
1D-047,4,2.052,2.052
1D-047,5,2.052,2.052
1D-047,6,1.948,1.948
1D-047,7,1.948,1.948
1D-048,0,2.0,2.0
1D-048,1,2.0,2.0
1D-048,2,2.0,2.0
1D-048,3,2.0,2.0
1D-048,4,2.0,2.0
1D-048,5,2.0,2.0
1D-048,6,2.0,2.0
1D-048,7,2.0,2.0
2D-000,0,2.0,2.0
2D-000,1,2.0,2.0
2D-000,2,2.0,2.0
2D-000,3,2.0,2.0
2D-000,4,2.0,1.999
2D-000,5,2.0,2.0
2D-000,6,2.0,2.0
2D-000,7,2.0,2.0
2D-001,0,2.0,2.0
2D-001,1,2.0,2.0
2D-001,2,2.0,1.999
2D-001,3,2.0,2.001
2D-001,4,2.0,1.999
2D-001,5,2.0,2.0
2D-001,6,2.0,2.0
2D-001,7,2.0,2.0
2D-002,0,2.0,2.0
2D-002,1,2.0,2.0
2D-002,2,2.0,2.0
2D-002,3,2.0,2.0
2D-002,4,2.0,2.0
2D-002,5,2.0,2.0
2D-002,6,2.0,2.0
2D-002,7,2.0,2.0
2D-003,0,2.0,2.0
2D-003,1,2.0,2.0
2D-003,2,2.0,2.0
2D-003,3,2.0,2.0
2D-003,4,2.0,2.0
2D-003,5,2.0,2.0
2D-003,6,2.0,2.0
2D-003,7,2.0,2.0
2D-004,0,2.027,1.973
2D-004,1,2.027,1.973
2D-004,2,2.027,1.973
2D-004,3,2.027,1.973
2D-004,4,2.027,1.973
2D-004,5,2.027,1.973
2D-004,6,2.027,1.973
2D-004,7,2.027,1.973
2D-005,0,1.997,1.997
2D-005,1,1.996,1.996
2D-005,2,2.004,2.004
2D-005,3,2.003,2.003
2D-005,4,2.005,2.005
2D-005,5,2.004,2.004
2D-005,6,1.996,1.996
2D-005,7,1.996,1.996
2D-006,0,1.982,1.982
2D-006,1,2.011,2.011
2D-006,2,1.982,1.982
2D-006,3,2.011,2.011
2D-006,4,1.996,1.996
2D-006,5,2.011,2.011
2D-006,6,1.996,1.996
2D-006,7,2.011,2.011
2D-007,0,2.0,2.0
2D-007,1,2.006,2.006
2D-007,2,1.996,1.996
2D-007,3,1.996,1.996
2D-007,4,2.001,2.001
2D-007,5,2.0,2.0
2D-007,6,2.004,2.004
2D-007,7,1.998,1.998
2D-008,0,1.999,1.999
2D-008,1,2.004,2.004
2D-008,2,1.996,1.996
2D-008,3,1.996,1.996
2D-008,4,2.001,2.001
2D-008,5,2.0,2.0
2D-008,6,1.999,1.999
2D-008,7,2.005,2.005
2D-009,0,1.996,1.996
2D-009,1,1.995,1.995
2D-009,2,2.005,2.005
2D-009,3,1.998,1.998
2D-009,4,1.998,1.998
2D-009,5,2.004,2.004
2D-009,6,1.999,1.999
2D-009,7,2.005,2.005
2D-010,0,1.997,1.997
2D-010,1,2.002,2.002
2D-010,2,1.997,1.997
2D-010,3,1.995,1.995
2D-010,4,2.004,2.003
2D-010,5,1.998,1.998
2D-010,6,2.0,2.0
2D-010,7,2.007,2.007
2D-011,0,1.997,1.997
2D-011,1,2.0,2.0
2D-011,2,1.999,1.999
2D-011,3,1.996,1.996
2D-011,4,2.0,2.0
2D-011,5,2.0,2.0
2D-011,6,2.003,2.003
2D-011,7,2.004,2.004
2D-012,0,1.998,1.998
2D-012,1,2.004,2.004
2D-012,2,1.996,1.996
2D-012,3,1.995,1.995
2D-012,4,2.0,2.0
2D-012,5,2.0,2.0
2D-012,6,2.007,2.007
2D-012,7,1.999,1.999
2D-013,0,1.993,1.993
2D-013,1,2.007,2.007
2D-013,2,1.994,1.993
2D-013,3,2.008,2.008
2D-013,4,2.007,2.007
2D-013,5,1.993,1.993
2D-013,6,2.008,2.008
2D-013,7,1.992,1.992
2D-014,0,1.997,1.997
2D-014,1,1.999,1.999
2D-014,2,1.999,1.999
2D-014,3,1.996,1.996
2D-014,4,2.0,2.0
2D-014,5,2.0,2.0
2D-014,6,2.004,2.004
2D-014,7,2.004,2.004
2D-015,0,1.996,1.996
2D-015,1,1.998,1.998
2D-015,2,2.0,2.0
2D-015,3,1.996,1.996
2D-015,4,2.002,2.001
2D-015,5,1.999,2.0
2D-015,6,2.003,2.003
2D-015,7,2.006,2.006
2D-016,0,1.998,1.998
2D-016,1,2.004,2.004
2D-016,2,1.995,1.995
2D-016,3,1.995,1.995
2D-016,4,2.003,2.003
2D-016,5,2.001,2.001
2D-016,6,2.007,2.007
2D-016,7,1.999,1.999
2D-017,0,1.999,1.999
2D-017,1,2.004,2.004
2D-017,2,1.994,1.994
2D-017,3,1.997,1.997
2D-017,4,2.001,2.002
2D-017,5,2.003,2.002
2D-017,6,2.003,2.003
2D-017,7,1.999,1.999
2D-018,0,1.995,1.995
2D-018,1,1.999,1.999
2D-018,2,2.0,2.0
2D-018,3,1.997,1.997
2D-018,4,2.002,2.002
2D-018,5,2.001,2.001
2D-018,6,2.005,2.005
2D-018,7,2.002,2.001
2D-019,0,2.016,1.994
2D-019,1,2.077,1.916
2D-019,2,2.077,1.916
2D-019,3,2.016,1.994
2D-019,4,1.964,1.984
2D-019,5,2.423,1.626
2D-019,6,2.423,1.626
2D-019,7,1.964,1.984
2D-020,0,2.018,1.995
2D-020,1,2.078,1.914
2D-020,2,2.013,1.986
2D-020,3,2.087,1.915
2D-020,4,1.964,1.984
2D-020,5,2.423,1.627
2D-020,6,1.958,1.985
2D-020,7,2.419,1.632
2D-021,0,2.073,1.913
2D-021,1,2.017,1.995
2D-021,2,2.017,1.995
2D-021,3,2.073,1.913
2D-021,4,1.966,1.987
2D-021,5,2.423,1.625
2D-021,6,1.966,1.987
2D-021,7,2.423,1.624
2D-022,0,2.075,1.913
2D-022,1,2.019,1.997
2D-022,2,2.013,1.987
2D-022,3,2.082,1.912
2D-022,4,1.966,1.986
2D-022,5,2.423,1.626
2D-022,6,1.961,1.987
2D-022,7,2.421,1.632
2D-023,0,2.0,2.0
2D-023,1,2.0,2.0
2D-023,2,2.0,2.0
2D-023,3,2.0,2.0
2D-023,4,2.0,2.0
2D-023,5,2.0,2.0
2D-023,6,2.0,2.0
2D-023,7,2.0,2.0
2D-024,0,2.021,2.021
2D-024,1,1.99,1.99
2D-024,2,1.993,1.993
2D-024,3,1.993,1.993
2D-024,4,2.021,2.021
2D-024,5,1.997,1.997
2D-024,6,1.989,1.99
2D-024,7,1.995,1.996
2D-025,0,1.975,2.037
2D-025,1,2.112,1.871
2D-025,2,2.265,1.77
2D-025,3,1.973,1.983
2D-025,4,1.924,2.026
2D-025,5,2.626,1.428
2D-025,6,2.184,1.826
2D-025,7,1.941,2.059
2D-026,0,2.019,2.019
2D-026,1,1.987,1.987
2D-026,2,1.995,1.995
2D-026,3,2.025,2.025
2D-026,4,1.976,1.976
2D-026,5,1.999,1.999
2D-026,6,2.023,2.023
2D-026,7,1.977,1.977
2D-027,0,2.011,1.951
2D-027,1,2.005,2.001
2D-027,2,2.028,2.011
2D-027,3,2.005,1.989
2D-027,4,2.005,2.001
2D-027,5,2.011,1.95
2D-027,6,2.005,1.989
2D-027,7,2.028,2.01
2D-028,0,2.0,2.0
2D-028,1,1.955,1.948
2D-028,2,2.376,1.657
2D-028,3,1.987,2.001
2D-028,4,2.019,2.022
2D-028,5,2.016,2.02
2D-028,6,2.0,1.996
2D-028,7,2.006,1.997
2D-029,0,2.036,1.984
2D-029,1,2.008,1.994
2D-029,2,2.288,1.687
2D-029,3,1.982,1.986
2D-029,4,2.008,1.995
2D-029,5,2.036,1.983
2D-029,6,2.713,1.333
2D-029,7,1.928,2.038
2D-030,0,2.005,1.995
2D-030,1,2.004,1.994
2D-030,2,2.067,1.912
2D-030,3,2.029,2.016
2D-030,4,2.067,1.912
2D-030,5,2.066,1.911
2D-030,6,2.067,1.911
2D-030,7,2.029,2.016
2D-031,0,2.643,1.41
2D-031,1,2.097,1.876
2D-031,2,2.643,1.41
2D-031,3,2.012,2.0
2D-031,4,2.012,2.0
2D-031,5,1.948,2.014
2D-031,6,2.096,1.876
2D-031,7,1.948,2.013
2D-032,0,2.0,2.0
2D-032,1,2.0,2.0
2D-032,2,1.999,1.999
2D-032,3,2.0,2.0
2D-032,4,2.0,2.0
2D-032,5,2.0,2.0
2D-032,6,2.0,2.0
2D-032,7,2.0,2.0
2D-033,0,1.991,1.991
2D-033,1,2.008,2.008
2D-033,2,2.008,2.008
2D-033,3,1.991,1.991
2D-033,4,2.0,2.0
2D-033,5,2.0,2.0
2D-033,6,2.0,2.0
2D-033,7,2.0,2.0
2D-034,0,1.968,1.968
2D-034,1,1.985,1.985
2D-034,2,1.998,1.998
2D-034,3,2.026,2.026
2D-034,4,1.992,1.992
2D-034,5,2.025,2.024
2D-034,6,1.982,1.982
2D-034,7,2.025,2.025
2D-035,0,2.017,2.017
2D-035,1,2.009,2.009
2D-035,2,2.014,2.013
2D-035,3,2.006,2.006
2D-035,4,1.974,1.975
2D-035,5,2.008,2.008
2D-035,6,1.972,1.972
2D-035,7,1.999,1.999
2D-036,0,1.987,1.987
2D-036,1,2.036,2.036
2D-036,2,1.99,1.99
2D-036,3,1.987,1.987
2D-036,4,1.99,1.99
2D-036,5,2.036,2.036
2D-036,6,1.987,1.987
2D-036,7,1.987,1.987
2D-037,0,1.991,1.993
2D-037,1,2.131,1.872
2D-037,2,2.001,1.981
2D-037,3,1.963,2.021
2D-037,4,2.057,1.928
2D-037,5,2.0,1.961
2D-037,6,1.984,2.014
2D-037,7,2.073,2.032
2D-038,0,2.0,2.0
2D-038,1,2.057,2.057
2D-038,2,1.984,1.984
2D-038,3,2.057,2.057
2D-038,4,1.959,1.959
2D-038,5,1.959,1.959
2D-038,6,2.0,2.0
2D-038,7,1.984,1.984
2D-039,0,1.981,1.966
2D-039,1,2.011,1.956
2D-039,2,1.99,1.944
2D-039,3,1.99,1.944
2D-039,4,2.011,1.956
2D-039,5,1.982,1.966
2D-039,6,2.11,2.04
2D-039,7,2.111,2.04
2D-040,0,2.024,2.027
2D-040,1,2.024,2.027
2D-040,2,2.04,1.945
2D-040,3,2.041,1.945
2D-040,4,2.04,1.945
2D-040,5,2.041,1.945
2D-040,6,2.062,1.917
2D-040,7,2.061,1.917
2D-041,0,2.051,2.051
2D-041,1,1.994,1.994
2D-041,2,1.985,1.985
2D-041,3,1.987,1.987
2D-041,4,1.998,1.998
2D-041,5,2.033,2.033
2D-041,6,1.984,1.984
2D-041,7,1.967,1.967
2D-042,0,2.01,2.01
2D-042,1,2.01,2.01
2D-042,2,1.99,1.99
2D-042,3,1.99,1.99
2D-042,4,2.01,2.01
2D-042,5,2.01,2.01
2D-042,6,1.99,1.99
2D-042,7,1.99,1.99
2D-043,0,2.04,2.039
2D-043,1,1.971,1.971
2D-043,2,1.93,1.93
2D-043,3,2.059,2.059
2D-043,4,2.059,2.059
2D-043,5,1.93,1.93
2D-043,6,1.971,1.971
2D-043,7,2.04,2.039
2D-044,0,2.077,1.987
2D-044,1,1.968,1.967
2D-044,2,1.988,2.015
2D-044,3,1.97,1.966
2D-044,4,2.074,1.987
2D-044,5,1.968,1.967
2D-044,6,1.989,2.016
2D-044,7,2.076,1.986
2D-045,0,2.05,2.05
2D-045,1,1.983,1.983
2D-045,2,2.003,2.003
2D-045,3,1.985,1.986
2D-045,4,2.005,2.005
2D-045,5,1.965,1.965
2D-045,6,1.999,1.999
2D-045,7,2.009,2.009
2D-046,0,2.009,2.009
2D-046,1,1.998,1.998
2D-046,2,1.999,1.999
2D-046,3,1.993,1.993
2D-046,4,1.997,1.997
2D-046,5,2.01,2.01
2D-046,6,1.994,1.994
2D-046,7,2.0,2.0
2D-047,0,2.062,2.062
2D-047,1,2.024,2.024
2D-047,2,1.994,1.994
2D-047,3,1.995,1.995
2D-047,4,2.0,2.0
2D-047,5,1.988,1.988
2D-047,6,1.944,1.944
2D-047,7,1.992,1.992
2D-048,0,1.991,1.991
2D-048,1,2.045,2.045
2D-048,2,1.981,1.981
2D-048,3,2.005,2.005
2D-048,4,2.013,2.013
2D-048,5,1.97,1.97
2D-048,6,2.013,2.013
2D-048,7,1.982,1.982
2D-049,0,1.998,1.998
2D-049,1,1.99,1.99
2D-049,2,2.001,2.001
2D-049,3,2.001,2.001
2D-049,4,2.046,2.046
2D-049,5,1.975,1.975
2D-049,6,1.99,1.99
2D-049,7,1.998,1.998
2D-050,0,2.032,2.032
2D-050,1,1.985,1.985
2D-050,2,2.032,2.032
2D-050,3,1.985,1.985
2D-050,4,2.0,2.0
2D-050,5,1.984,1.984
2D-050,6,1.999,1.998
2D-050,7,1.984,1.984
2D-051,0,2.009,2.009
2D-051,1,1.993,1.993
2D-051,2,2.006,2.006
2D-051,3,2.01,2.01
2D-051,4,2.016,2.016
2D-051,5,1.983,1.983
2D-051,6,1.943,1.943
2D-051,7,2.04,2.041
2D-052,0,2.002,2.002
2D-052,1,2.022,2.022
2D-052,2,1.998,1.998
2D-052,3,1.977,1.977
2D-052,4,2.001,2.001
2D-052,5,1.977,1.977
2D-052,6,2.001,2.001
2D-052,7,2.022,2.022
2D-053,0,1.999,2.0
2D-053,1,1.994,1.982
2D-053,2,2.0,2.002
2D-053,3,2.04,2.007
2D-053,4,2.315,1.803
2D-053,5,2.049,1.982
2D-053,6,1.953,1.92
2D-053,7,1.982,1.972
2D-054,0,1.999,1.999
2D-054,1,2.004,1.994
2D-054,2,2.012,1.963
2D-054,3,2.042,1.985
2D-054,4,2.003,1.994
2D-054,5,2.0,1.999
2D-054,6,2.015,1.965
2D-054,7,2.042,1.984
2D-055,0,1.96,2.061
2D-055,1,2.035,1.944
2D-055,2,1.989,2.011
2D-055,3,2.016,1.984
2D-055,4,1.96,2.061
2D-055,5,2.035,1.944
2D-055,6,2.016,1.984
2D-055,7,1.989,2.011
2D-056,0,2.003,2.003
2D-056,1,2.003,2.003
2D-056,2,1.997,1.997
2D-056,3,2.004,2.003
2D-056,4,1.997,1.997
2D-056,5,2.004,2.003
2D-056,6,1.996,1.996
2D-056,7,1.996,1.996
2D-057,0,1.988,1.988
2D-057,1,2.006,2.006
2D-057,2,1.988,1.989
2D-057,3,1.995,1.995
2D-057,4,1.999,1.999
2D-057,5,2.028,2.028
2D-057,6,2.009,2.009
2D-057,7,1.987,1.986
2D-058,0,1.971,1.971
2D-058,1,1.985,1.985
2D-058,2,2.089,2.089
2D-058,3,1.982,1.982
2D-058,4,2.034,2.033
2D-058,5,1.993,1.993
2D-058,6,1.964,1.964
2D-058,7,1.981,1.981
2D-059,0,2.173,1.949
2D-059,1,2.071,1.87
2D-059,2,2.011,2.018
2D-059,3,2.026,2.012
2D-059,4,1.977,1.959
2D-059,5,2.035,1.921
2D-059,6,2.006,1.95
2D-059,7,2.034,1.988
2D-060,0,1.987,1.987
2D-060,1,2.023,2.023
2D-060,2,2.016,2.016
2D-060,3,1.976,1.976
2D-060,4,1.981,1.98
2D-060,5,1.964,1.964
2D-060,6,2.06,2.06
2D-060,7,1.993,1.992
2D-061,0,2.009,1.92
2D-061,1,1.965,1.915
2D-061,2,2.037,1.935
2D-061,3,2.151,2.068
2D-061,4,2.151,2.068
2D-061,5,2.053,1.922
2D-061,6,1.971,1.91
2D-061,7,1.983,1.943
2D-062,0,1.982,1.944
2D-062,1,2.011,1.962
2D-062,2,1.995,2.024
2D-062,3,2.223,1.888
2D-062,4,2.041,1.936
2D-062,5,2.003,2.019
2D-062,6,1.995,2.016
2D-062,7,2.083,1.879
2D-063,0,2.004,1.992
2D-063,1,2.078,1.9
2D-063,2,2.077,1.901
2D-063,3,2.003,1.991
2D-063,4,2.004,2.004
2D-063,5,1.998,1.998
2D-063,6,2.022,2.011
2D-063,7,2.015,2.003
2D-064,0,2.085,1.96
2D-064,1,2.034,1.923
2D-064,2,2.085,1.96
2D-064,3,2.034,1.923
2D-064,4,2.02,1.962
2D-064,5,2.006,1.977
2D-064,6,2.024,1.992
2D-064,7,2.046,1.971
2D-065,0,2.028,2.028
2D-065,1,2.001,2.001
2D-065,2,1.988,1.988
2D-065,3,1.987,1.987
2D-065,4,1.993,1.993
2D-065,5,1.993,1.993
2D-065,6,2.001,2.001
2D-065,7,2.008,2.008
2D-066,0,1.999,1.999
2D-066,1,2.009,2.009
2D-066,2,2.0,2.0
2D-066,3,1.992,1.992
2D-066,4,1.992,1.992
2D-066,5,1.999,1.999
2D-066,6,2.009,2.009
2D-066,7,2.0,2.0
2D-067,0,2.042,2.042
2D-067,1,2.042,2.042
2D-067,2,1.958,1.958
2D-067,3,1.958,1.958
2D-067,4,2.042,2.042
2D-067,5,2.042,2.042
2D-067,6,1.958,1.958
2D-067,7,1.958,1.958
2D-068,0,2.108,1.932
2D-068,1,1.969,1.964
2D-068,2,2.065,1.951
2D-068,3,2.065,1.95
2D-068,4,1.989,1.899
2D-068,5,2.145,1.945
2D-068,6,2.336,1.793
2D-068,7,1.989,1.899
2D-069,0,1.994,1.99
2D-069,1,1.973,1.939
2D-069,2,1.982,1.996
2D-069,3,2.02,2.02
2D-069,4,1.963,1.966
2D-069,5,2.005,1.995
2D-069,6,2.37,1.776
2D-069,7,2.026,1.985
2D-070,0,1.985,1.985
2D-070,1,2.041,2.04
2D-070,2,1.944,1.944
2D-070,3,2.041,2.041
2D-070,4,1.984,1.984
2D-070,5,2.009,2.009
2D-070,6,1.98,1.981
2D-070,7,2.016,2.016
2D-071,0,2.338,1.783
2D-071,1,2.008,1.987
2D-071,2,1.98,1.98
2D-071,3,1.979,1.998
2D-071,4,1.981,2.023
2D-071,5,1.956,1.924
2D-071,6,2.072,1.977
2D-071,7,1.993,2.023
2D-072,0,2.05,1.945
2D-072,1,1.989,1.937
2D-072,2,2.033,1.931
2D-072,3,2.051,2.058
2D-072,4,2.009,1.973
2D-072,5,2.366,1.548
2D-072,6,2.052,2.058
2D-072,7,2.056,1.944
2D-073,0,1.988,1.988
2D-073,1,2.01,2.011
2D-073,2,1.989,1.989
2D-073,3,2.013,2.013
2D-073,4,2.011,2.011
2D-073,5,1.989,1.989
2D-073,6,2.013,2.012
2D-073,7,1.988,1.988
2D-074,0,1.99,1.99
2D-074,1,2.01,2.01
2D-074,2,1.992,1.991
2D-074,3,1.989,1.989
2D-074,4,2.001,2.001
2D-074,5,2.001,2.001
2D-074,6,2.018,2.018
2D-074,7,2.0,2.0
2D-075,0,2.006,2.006
2D-075,1,2.005,2.005
2D-075,2,1.974,1.974
2D-075,3,1.998,1.998
2D-075,4,2.023,2.023
2D-075,5,2.023,2.023
2D-075,6,1.997,1.997
2D-075,7,1.974,1.974
2D-076,0,1.954,1.954
2D-076,1,1.955,1.954
2D-076,2,2.046,2.046
2D-076,3,2.046,2.046
2D-076,4,1.954,1.954
2D-076,5,2.046,2.046
2D-076,6,2.045,2.046
2D-076,7,1.954,1.954
2D-077,0,2.0,2.0
2D-077,1,2.0,2.0
2D-077,2,2.0,2.0
2D-077,3,2.0,2.0
2D-077,4,2.0,2.0
2D-077,5,2.0,2.0
2D-077,6,2.0,2.0
2D-077,7,2.0,2.0
2D-078,0,2.0,2.0
2D-078,1,2.0,2.0
2D-078,2,2.0,2.0
2D-078,3,2.0,2.0
2D-078,4,2.0,2.0
2D-078,5,2.0,2.0
2D-078,6,2.0,2.0
2D-078,7,2.0,2.0
2D-079,0,1.999,2.005
2D-079,1,2.228,1.837
2D-079,2,2.015,2.014
2D-079,3,1.958,1.975
2D-079,4,1.947,1.921
2D-079,5,2.017,2.022
2D-079,6,2.004,2.011
2D-079,7,1.999,2.049
2D-080,0,2.0,2.0
2D-080,1,2.0,2.0
2D-080,2,2.0,2.0
2D-080,3,2.0,2.0
2D-080,4,2.0,2.0
2D-080,5,2.0,2.0
2D-080,6,2.0,2.0
2D-080,7,2.0,2.0
2D-081,0,1.993,1.993
2D-081,1,2.046,2.047
2D-081,2,1.999,1.999
2D-081,3,1.999,1.999
2D-081,4,1.985,1.984
2D-081,5,1.983,1.984
2D-081,6,1.997,1.998
2D-081,7,1.998,1.997
2D-082,0,2.065,2.01
2D-082,1,1.978,1.949
2D-082,2,1.974,1.928
2D-082,3,2.04,1.95
2D-082,4,2.063,1.923
2D-082,5,2.051,1.985
2D-082,6,2.508,1.613
2D-082,7,1.987,1.977
2D-083,0,2.002,2.002
2D-083,1,1.981,1.981
2D-083,2,1.97,1.97
2D-083,3,1.995,1.995
2D-083,4,2.049,2.048
2D-083,5,2.064,2.064
2D-083,6,1.948,1.948
2D-083,7,1.992,1.992
2D-084,0,1.965,1.965
2D-084,1,2.039,2.038
2D-084,2,1.955,1.955
2D-084,3,2.03,2.031
2D-084,4,2.004,2.004
2D-084,5,1.963,1.963
2D-084,6,2.017,2.017
2D-084,7,2.027,2.027
2D-085,0,2.0,2.0
2D-085,1,2.0,2.0
2D-085,2,2.0,2.0
2D-085,3,2.0,2.0
2D-085,4,2.0,2.0
2D-085,5,2.0,2.0
2D-085,6,2.0,2.0
2D-085,7,2.0,2.0
2D-086,0,1.984,1.984
2D-086,1,1.994,1.994
2D-086,2,2.065,2.065
2D-086,3,2.002,2.002
2D-086,4,1.972,1.972
2D-086,5,2.0,2.0
2D-086,6,1.991,1.991
2D-086,7,1.992,1.992
2D-087,0,2.007,2.007
2D-087,1,1.985,1.985
2D-087,2,2.008,2.008
2D-087,3,2.006,2.005
2D-087,4,1.982,1.981
2D-087,5,2.066,2.067
2D-087,6,1.965,1.965
2D-087,7,1.981,1.981
2D-088,0,1.996,1.945
2D-088,1,2.03,2.01
2D-088,2,2.026,1.965
2D-088,3,2.027,1.966
2D-088,4,2.404,1.56
2D-088,5,1.996,1.945
2D-088,6,2.029,2.009
2D-088,7,2.143,1.948
2D-089,0,2.404,1.562
2D-089,1,2.036,2.0
2D-089,2,2.123,1.969
2D-089,3,2.019,1.959
2D-089,4,2.001,1.944
2D-089,5,2.041,2.004
2D-089,6,1.991,1.94
2D-089,7,2.038,1.969
2D-090,0,2.023,1.97
2D-090,1,2.02,2.002
2D-090,2,2.022,1.97
2D-090,3,2.074,2.016
2D-090,4,2.405,1.567
2D-090,5,1.991,1.925
2D-090,6,2.044,2.054
2D-090,7,1.99,1.924
2D-091,0,1.978,1.978
2D-091,1,2.016,2.015
2D-091,2,2.016,2.016
2D-091,3,2.017,2.017
2D-091,4,1.993,1.993
2D-091,5,1.991,1.991
2D-091,6,1.993,1.993
2D-091,7,1.996,1.996
2D-092,0,2.017,1.943
2D-092,1,2.018,1.992
2D-092,2,2.01,1.968
2D-092,3,2.018,1.994
2D-092,4,2.166,1.918
2D-092,5,2.17,1.915
2D-092,6,2.05,1.885
2D-092,7,2.049,1.886
2D-093,0,2.074,2.019
2D-093,1,2.035,1.967
2D-093,2,2.451,1.525
2D-093,3,2.032,1.983
2D-093,4,2.003,1.946
2D-093,5,2.003,1.946
2D-093,6,2.035,1.967
2D-093,7,2.032,1.983
2D-094,0,2.08,1.853
2D-094,1,2.075,1.909
2D-094,2,2.066,1.878
2D-094,3,2.015,1.978
2D-094,4,2.019,1.972
2D-094,5,2.305,1.718
2D-094,6,2.036,1.96
2D-094,7,2.066,2.069
2D-095,0,1.862,2.068
2D-095,1,2.363,1.678
2D-095,2,2.362,1.678
2D-095,3,1.968,2.021
2D-095,4,1.862,2.068
2D-095,5,2.362,1.678
2D-095,6,2.363,1.678
2D-095,7,1.968,2.021
2D-096,0,1.949,1.986
2D-096,1,2.514,1.559
2D-096,2,2.026,1.96
2D-096,3,2.498,1.506
2D-096,4,2.023,2.018
2D-096,5,1.949,1.986
2D-096,6,2.021,2.017
2D-096,7,2.027,1.962
2D-097,0,1.957,1.957
2D-097,1,1.963,1.963
2D-097,2,2.001,2.001
2D-097,3,2.057,2.057
2D-097,4,2.056,2.056
2D-097,5,2.025,2.024
2D-097,6,2.003,2.003
2D-097,7,1.939,1.939
2D-098,0,1.999,1.999
2D-098,1,2.0,2.0
2D-098,2,1.96,1.96
2D-098,3,2.019,2.019
2D-098,4,2.0,2.0
2D-098,5,1.982,1.982
2D-098,6,2.054,2.054
2D-098,7,1.985,1.986
2D-099,0,2.002,2.002
2D-099,1,1.968,1.968
2D-099,2,1.99,1.99
2D-099,3,2.046,2.046
2D-099,4,1.959,1.959
2D-099,5,1.987,1.987
2D-099,6,2.046,2.046
2D-099,7,2.002,2.002
2D-100,0,2.093,2.093
2D-100,1,2.093,2.093
2D-100,2,1.972,1.972
2D-100,3,1.972,1.972
2D-100,4,1.963,1.963
2D-100,5,1.962,1.963
2D-100,6,1.973,1.973
2D-100,7,1.973,1.973
2D-101,0,1.981,1.996
2D-101,1,1.999,1.974
2D-101,2,1.97,1.972
2D-101,3,2.005,1.986
2D-101,4,1.989,2.0
2D-101,5,1.975,1.994
2D-101,6,2.038,2.031
2D-101,7,2.042,2.047
2D-102,0,1.98,1.98
2D-102,1,1.975,1.975
2D-102,2,2.023,2.023
2D-102,3,2.01,2.01
2D-102,4,1.986,1.986
2D-102,5,1.987,1.987
2D-102,6,1.985,1.985
2D-102,7,2.054,2.054
2D-103,0,2.109,1.977
2D-103,1,2.006,2.001
2D-103,2,1.981,1.975
2D-103,3,2.068,2.045
2D-103,4,1.961,1.947
2D-103,5,1.966,1.928
2D-103,6,1.958,1.941
2D-103,7,2.111,2.025
2D-104,0,2.02,2.02
2D-104,1,1.997,1.997
2D-104,2,2.079,2.079
2D-104,3,1.972,1.972
2D-104,4,1.979,1.979
2D-104,5,1.994,1.994
2D-104,6,1.971,1.971
2D-104,7,1.988,1.988
2D-105,0,1.984,1.984
2D-105,1,2.064,2.064
2D-105,2,2.006,2.006
2D-105,3,1.949,1.949
2D-105,4,1.952,1.952
2D-105,5,1.914,1.914
2D-105,6,2.121,2.121
2D-105,7,2.01,2.011
2D-106,0,2.018,2.018
2D-106,1,1.981,1.981
2D-106,2,1.944,1.944
2D-106,3,2.026,2.026
2D-106,4,1.989,1.989
2D-106,5,2.032,2.032
2D-106,6,1.993,1.993
2D-106,7,2.016,2.016
2D-107,0,1.981,1.997
2D-107,1,1.989,1.976
2D-107,2,1.991,1.979
2D-107,3,2.0,2.001
2D-107,4,2.079,1.909
2D-107,5,2.071,1.93
2D-107,6,1.999,2.014
2D-107,7,2.391,1.695
2D-108,0,1.992,1.992
2D-108,1,2.062,2.062
2D-108,2,1.984,1.984
2D-108,3,1.952,1.952
2D-108,4,1.965,1.965
2D-108,5,1.963,1.963
2D-108,6,2.048,2.048
2D-108,7,2.034,2.034
2D-109,0,1.976,1.987
2D-109,1,2.036,1.933
2D-109,2,2.12,1.987
2D-109,3,2.12,1.987
2D-109,4,2.446,1.517
2D-109,5,1.879,2.085
2D-109,6,1.976,1.987
2D-109,7,2.446,1.517
2D-110,0,2.041,2.055
2D-110,1,2.041,2.055
2D-110,2,1.983,1.984
2D-110,3,1.99,1.992
2D-110,4,1.976,1.978
2D-110,5,1.991,1.993
2D-110,6,1.977,1.979
2D-110,7,1.982,1.984
2D-111,0,2.027,2.027
2D-111,1,1.952,1.952
2D-111,2,2.039,2.039
2D-111,3,1.995,1.995
2D-111,4,2.015,2.015
2D-111,5,1.974,1.974
2D-111,6,1.933,1.933
2D-111,7,2.064,2.064
2D-112,0,1.99,1.99
2D-112,1,1.993,1.994
2D-112,2,2.014,2.015
2D-112,3,1.971,1.971
2D-112,4,2.003,2.003
2D-112,5,2.001,2.002
2D-112,6,2.034,2.034
2D-112,7,1.992,1.992
2D-113,0,1.998,1.998
2D-113,1,2.002,2.002
2D-113,2,2.015,2.015
2D-113,3,2.037,2.037
2D-113,4,1.996,1.996
2D-113,5,1.954,1.954
2D-113,6,1.983,1.983
2D-113,7,2.015,2.015
2D-114,0,2.02,2.02
2D-114,1,1.962,1.962
2D-114,2,1.973,1.973
2D-114,3,2.045,2.045
2D-114,4,2.02,2.02
2D-114,5,1.962,1.962
2D-114,6,1.973,1.973
2D-114,7,2.045,2.045
2D-115,0,1.969,1.969
2D-115,1,2.077,2.077
2D-115,2,1.973,1.973
2D-115,3,1.948,1.947
2D-115,4,1.967,1.966
2D-115,5,2.02,2.021
2D-115,6,2.035,2.035
2D-115,7,2.012,2.011
2D-116,0,2.003,2.068
2D-116,1,2.131,1.974
2D-116,2,1.849,1.844
2D-116,3,1.992,2.034
2D-116,4,2.002,2.056
2D-116,5,2.075,2.104
2D-116,6,1.986,1.967
2D-116,7,1.963,1.952
2D-117,0,1.992,2.01
2D-117,1,2.101,1.999
2D-117,2,2.254,1.689
2D-117,3,2.016,1.977
2D-117,4,2.231,1.746
2D-117,5,1.942,2.019
2D-117,6,2.363,1.562
2D-117,7,2.101,1.999
2D-118,0,2.02,2.019
2D-118,1,2.016,2.017
2D-118,2,2.033,2.032
2D-118,3,2.002,2.001
2D-118,4,1.984,1.986
2D-118,5,1.987,1.986
2D-118,6,1.963,1.963
2D-118,7,1.995,1.996
2D-119,0,2.0,2.0
2D-119,1,2.0,2.0
2D-119,2,2.0,2.0
2D-119,3,2.0,2.0
2D-119,4,2.0,2.0
2D-119,5,2.0,2.0
2D-119,6,2.0,2.0
2D-119,7,2.0,2.0
2D-120,0,1.998,1.999
2D-120,1,1.991,1.946
2D-120,2,2.04,2.035
2D-120,3,1.966,1.975
2D-120,4,1.987,1.942
2D-120,5,2.003,1.995
2D-120,6,2.017,2.019
2D-120,7,2.049,2.038
2D-121,0,2.0,2.0
2D-121,1,2.0,2.0
2D-121,2,2.001,2.001
2D-121,3,2.0,2.0
2D-121,4,2.0,2.0
2D-121,5,2.0,2.0
2D-121,6,2.001,2.001
2D-121,7,2.0,2.0
3D-000,0,2.0,2.0
3D-000,1,2.0,2.0
3D-000,2,2.0,2.0
3D-000,3,2.0,2.0
3D-000,4,2.0,2.0
3D-000,5,2.0,2.0
3D-000,6,2.0,2.0
3D-000,7,2.0,2.0
3D-001,0,2.0,2.0
3D-001,1,2.0,2.0
3D-001,2,2.0,2.0
3D-001,3,2.0,2.0
3D-001,4,2.0,2.0
3D-001,5,2.0,2.0
3D-001,6,2.0,2.0
3D-001,7,2.0,2.0
3D-002,0,2.0,2.0
3D-002,1,2.0,2.0
3D-002,2,2.0,2.0
3D-002,3,2.0,2.0
3D-002,4,2.0,2.0
3D-002,5,2.0,2.0
3D-002,6,2.0,2.0
3D-002,7,2.0,2.0
3D-003,0,2.0,2.0
3D-003,1,2.0,2.0
3D-003,2,2.0,2.0
3D-003,3,2.0,2.0
3D-003,4,2.0,2.0
3D-003,5,2.0,2.0
3D-003,6,2.0,2.0
3D-003,7,2.0,2.0
3D-004,0,2.002,2.002
3D-004,1,2.002,2.002
3D-004,2,1.998,1.998
3D-004,3,1.998,1.998
3D-004,4,1.998,1.998
3D-004,5,1.998,1.998
3D-004,6,2.002,2.002
3D-004,7,2.002,2.002
3D-005,0,1.995,1.995
3D-005,1,2.007,2.007
3D-005,2,1.995,1.995
3D-005,3,2.007,2.007
3D-005,4,1.991,1.991
3D-005,5,1.991,1.991
3D-005,6,2.008,2.008
3D-005,7,2.007,2.007
3D-006,0,1.995,1.995
3D-006,1,2.005,2.005
3D-006,2,2.0,2.0
3D-006,3,1.999,2.0
3D-006,4,2.001,2.001
3D-006,5,1.999,1.999
3D-006,6,1.995,1.995
3D-006,7,2.006,2.005
3D-007,0,2.0,2.0
3D-007,1,2.0,2.0
3D-007,2,2.0,2.0
3D-007,3,2.0,2.0
3D-007,4,2.0,2.0
3D-007,5,2.0,2.0
3D-007,6,2.0,2.0
3D-007,7,2.0,2.0
3D-008,0,2.0,2.0
3D-008,1,2.0,2.0
3D-008,2,2.0,2.0
3D-008,3,2.0,2.0
3D-008,4,2.0,2.0
3D-008,5,2.0,2.0
3D-008,6,2.0,2.0
3D-008,7,2.0,2.0
3D-009,0,1.998,1.998
3D-009,1,2.002,2.002
3D-009,2,1.998,1.998
3D-009,3,2.0,2.0
3D-009,4,2.0,2.0
3D-009,5,2.001,2.001
3D-009,6,2.001,2.001
3D-009,7,2.0,2.0
3D-010,0,1.981,1.981
3D-010,1,2.001,2.001
3D-010,2,2.016,2.016
3D-010,3,1.981,1.981
3D-010,4,2.002,2.002
3D-010,5,2.002,2.002
3D-010,6,2.001,2.001
3D-010,7,2.016,2.016
3D-011,0,2.02,1.993
3D-011,1,2.014,1.968
3D-011,2,2.001,1.993
3D-011,3,2.014,1.999
3D-011,4,2.0,1.992
3D-011,5,2.014,1.999
3D-011,6,2.02,1.993
3D-011,7,2.014,1.968
3D-012,0,2.0,2.0
3D-012,1,2.019,2.019
3D-012,2,1.999,1.999
3D-012,3,1.992,1.992
3D-012,4,2.019,2.019
3D-012,5,1.989,1.989
3D-012,6,1.99,1.99
3D-012,7,1.992,1.992
3D-013,0,1.994,1.994
3D-013,1,1.993,1.993
3D-013,2,1.994,1.994
3D-013,3,2.02,2.02
3D-013,4,1.993,1.993
3D-013,5,1.993,1.993
3D-013,6,1.993,1.993
3D-013,7,2.02,2.02
3D-014,0,2.007,2.007
3D-014,1,2.008,2.008
3D-014,2,1.993,1.993
3D-014,3,1.992,1.992
3D-014,4,1.992,1.992
3D-014,5,1.992,1.992
3D-014,6,2.008,2.008
3D-014,7,2.007,2.007
3D-015,0,1.985,1.985
3D-015,1,1.985,1.985
3D-015,2,2.01,2.01
3D-015,3,2.01,2.01
3D-015,4,1.991,1.991
3D-015,5,1.992,1.992
3D-015,6,2.013,2.013
3D-015,7,2.013,2.013
3D-016,0,2.006,2.006
3D-016,1,1.994,1.994
3D-016,2,2.005,2.005
3D-016,3,1.995,1.995
3D-016,4,2.005,2.005
3D-016,5,1.994,1.994
3D-016,6,2.006,2.006
3D-016,7,1.995,1.995
3D-017,0,2.004,2.004
3D-017,1,1.987,1.987
3D-017,2,2.012,2.013
3D-017,3,1.987,1.987
3D-017,4,2.004,2.004
3D-017,5,1.997,1.997
3D-017,6,2.013,2.012
3D-017,7,1.997,1.997
3D-018,0,1.971,1.972
3D-018,1,2.026,2.026
3D-018,2,2.026,2.026
3D-018,3,2.001,2.001
3D-018,4,2.001,2.001
3D-018,5,1.971,1.972
3D-018,6,2.001,2.001
3D-018,7,2.002,2.002
3D-019,0,2.004,2.004
3D-019,1,1.996,1.996
3D-019,2,2.004,2.004
3D-019,3,1.996,1.996
3D-019,4,2.004,2.004
3D-019,5,1.996,1.996
3D-019,6,2.004,2.004
3D-019,7,1.996,1.996
3D-020,0,1.955,1.955
3D-020,1,2.013,2.013
3D-020,2,2.013,2.013
3D-020,3,2.016,2.016
3D-020,4,2.016,2.016
3D-020,5,1.955,1.955
3D-020,6,2.016,2.016
3D-020,7,2.016,2.016
3D-021,0,1.991,1.991
3D-021,1,2.006,2.006
3D-021,2,2.004,2.004
3D-021,3,1.999,1.999
3D-021,4,1.991,1.991
3D-021,5,1.999,1.999
3D-021,6,2.004,2.004
3D-021,7,2.006,2.006
3D-022,0,2.012,2.012
3D-022,1,2.012,2.012
3D-022,2,2.012,2.012
3D-022,3,2.012,2.012
3D-022,4,1.988,1.988
3D-022,5,1.988,1.988
3D-022,6,1.988,1.988
3D-022,7,1.988,1.988
3D-023,0,2.019,2.019
3D-023,1,2.018,2.018
3D-023,2,1.982,1.982
3D-023,3,2.018,2.018
3D-023,4,1.982,1.982
3D-023,5,2.018,2.018
3D-023,6,1.982,1.982
3D-023,7,1.982,1.983
3D-024,0,1.996,1.996
3D-024,1,2.004,2.004
3D-024,2,1.996,1.996
3D-024,3,2.004,2.004
3D-024,4,2.004,2.004
3D-024,5,1.996,1.996
3D-024,6,2.004,2.004
3D-024,7,1.996,1.996
3D-025,0,1.988,1.988
3D-025,1,1.993,1.993
3D-025,2,2.032,2.032
3D-025,3,1.99,1.99
3D-025,4,2.032,2.032
3D-025,5,1.99,1.99
3D-025,6,1.989,1.989
3D-025,7,1.987,1.987
3D-026,0,1.996,1.996
3D-026,1,2.004,2.004
3D-026,2,2.004,2.004
3D-026,3,1.997,1.997
3D-026,4,2.004,2.004
3D-026,5,1.996,1.996
3D-026,6,1.996,1.996
3D-026,7,2.003,2.003
3D-027,0,1.996,1.996
3D-027,1,2.026,2.026
3D-027,2,1.987,1.987
3D-027,3,1.987,1.987
3D-027,4,2.026,2.026
3D-027,5,1.997,1.996
3D-027,6,1.99,1.99
3D-027,7,1.991,1.991
3D-028,0,1.996,1.996
3D-028,1,2.004,2.004
3D-028,2,2.004,2.004
3D-028,3,1.996,1.996
3D-028,4,2.004,2.004
3D-028,5,1.996,1.996
3D-028,6,1.996,1.996
3D-028,7,2.004,2.004
3D-029,0,2.02,2.02
3D-029,1,1.98,1.98
3D-029,2,2.02,2.02
3D-029,3,1.98,1.98
3D-029,4,2.02,2.02
3D-029,5,1.98,1.98
3D-029,6,2.02,2.02
3D-029,7,1.98,1.98
3D-030,0,1.987,1.987
3D-030,1,2.021,2.021
3D-030,2,1.996,1.996
3D-030,3,1.996,1.996
3D-030,4,2.021,2.021
3D-030,5,1.996,1.996
3D-030,6,1.987,1.987
3D-030,7,1.996,1.996
3D-031,0,1.973,1.973
3D-031,1,1.972,1.972
3D-031,2,2.026,2.026
3D-031,3,2.001,2.001
3D-031,4,2.001,2.001
3D-031,5,2.025,2.025
3D-031,6,2.001,2.001
3D-031,7,2.001,2.001
3D-032,0,1.99,1.99
3D-032,1,1.99,1.99
3D-032,2,1.99,1.99
3D-032,3,2.01,2.01
3D-032,4,1.99,1.99
3D-032,5,2.01,2.01
3D-032,6,2.01,2.01
3D-032,7,2.01,2.01
3D-033,0,2.0,2.0
3D-033,1,2.0,2.0
3D-033,2,2.0,2.0
3D-033,3,2.0,2.0
3D-033,4,2.0,2.0
3D-033,5,2.0,2.0
3D-033,6,2.0,2.0
3D-033,7,2.0,2.0
3D-034,0,2.001,2.001
3D-034,1,2.001,2.0
3D-034,2,1.999,1.999
3D-034,3,2.0,2.0
3D-034,4,2.0,2.0
3D-034,5,2.0,2.0
3D-034,6,2.001,2.001
3D-034,7,2.0,2.0
3D-035,0,1.987,1.987
3D-035,1,2.016,2.016
3D-035,2,1.989,1.989
3D-035,3,1.989,1.989
3D-035,4,2.015,2.015
3D-035,5,1.987,1.987
3D-035,6,2.008,2.008
3D-035,7,2.008,2.008
3D-036,0,2.001,2.001
3D-036,1,2.003,2.003
3D-036,2,1.995,1.995
3D-036,3,2.001,2.001
3D-036,4,2.0,2.0
3D-036,5,2.003,2.003
3D-036,6,1.995,1.995
3D-036,7,2.001,2.001
3D-037,0,2.011,2.011
3D-037,1,1.99,1.99
3D-037,2,1.984,1.984
3D-037,3,2.015,2.015
3D-037,4,1.984,1.984
3D-037,5,2.015,2.014
3D-037,6,2.012,2.011
3D-037,7,1.99,1.99
3D-038,0,2.008,2.008
3D-038,1,2.008,2.008
3D-038,2,1.998,1.998
3D-038,3,2.002,2.002
3D-038,4,1.992,1.992
3D-038,5,1.998,1.998
3D-038,6,1.991,1.991
3D-038,7,2.002,2.002
3D-039,0,2.0,2.0
3D-039,1,2.002,2.002
3D-039,2,2.002,2.002
3D-039,3,1.995,1.995
3D-039,4,2.002,2.002
3D-039,5,2.001,2.001
3D-039,6,2.002,2.002
3D-039,7,1.996,1.996
3D-040,0,1.997,1.997
3D-040,1,2.002,2.002
3D-040,2,1.999,1.999
3D-040,3,1.999,1.999
3D-040,4,2.001,2.001
3D-040,5,1.999,1.999
3D-040,6,2.001,2.001
3D-040,7,2.001,2.001
3D-041,0,1.994,1.994
3D-041,1,2.004,2.004
3D-041,2,2.001,2.001
3D-041,3,2.001,2.001
3D-041,4,2.0,2.0
3D-041,5,2.004,2.004
3D-041,6,1.994,1.994
3D-041,7,2.001,2.001
3D-042,0,1.991,1.991
3D-042,1,1.996,1.996
3D-042,2,1.991,1.991
3D-042,3,2.002,2.002
3D-042,4,2.01,2.01
3D-042,5,2.01,2.01
3D-042,6,1.997,1.997
3D-042,7,2.002,2.002
3D-043,0,2.036,1.983
3D-043,1,2.032,1.981
3D-043,2,1.992,1.988
3D-043,3,1.995,1.992
3D-043,4,1.993,1.989
3D-043,5,1.995,1.992
3D-043,6,2.036,1.984
3D-043,7,2.032,1.981
3D-044,0,1.999,1.998
3D-044,1,2.026,1.999
3D-044,2,1.994,1.995
3D-044,3,2.018,2.018
3D-044,4,1.993,1.994
3D-044,5,2.027,1.999
3D-044,6,1.998,1.998
3D-044,7,1.974,1.97
3D-045,0,1.994,1.994
3D-045,1,2.004,2.004
3D-045,2,2.0,2.0
3D-045,3,2.002,2.002
3D-045,4,2.0,2.0
3D-045,5,2.003,2.003
3D-045,6,1.995,1.995
3D-045,7,2.001,2.001
3D-046,0,1.992,1.992
3D-046,1,1.998,1.998
3D-046,2,1.99,1.99
3D-046,3,2.003,2.003
3D-046,4,2.01,2.01
3D-046,5,2.008,2.008
3D-046,6,1.998,1.998
3D-046,7,2.0,2.0
3D-047,0,1.998,1.998
3D-047,1,2.01,2.01
3D-047,2,2.012,2.012
3D-047,3,2.001,2.001
3D-047,4,1.991,1.991
3D-047,5,1.997,1.997
3D-047,6,1.991,1.991
3D-047,7,2.001,2.001
3D-048,0,1.991,1.991
3D-048,1,1.999,1.999
3D-048,2,1.992,1.992
3D-048,3,2.001,2.001
3D-048,4,2.008,2.008
3D-048,5,2.01,2.01
3D-048,6,1.997,1.997
3D-048,7,2.001,2.001
3D-049,0,2.003,2.003
3D-049,1,1.992,1.992
3D-049,2,2.004,2.004
3D-049,3,2.004,2.004
3D-049,4,2.001,2.001
3D-049,5,1.992,1.992
3D-049,6,2.001,2.001
3D-049,7,2.004,2.004
3D-050,0,2.002,2.0
3D-050,1,1.986,1.981
3D-050,2,2.003,1.996
3D-050,3,2.001,2.0
3D-050,4,2.039,1.993
3D-050,5,1.987,1.981
3D-050,6,2.039,1.993
3D-050,7,2.003,1.996
3D-051,0,2.017,2.017
3D-051,1,1.992,1.992
3D-051,2,2.016,2.016
3D-051,3,2.002,2.002
3D-051,4,1.994,1.994
3D-051,5,1.995,1.995
3D-051,6,1.992,1.992
3D-051,7,1.991,1.991
3D-052,0,1.999,1.999
3D-052,1,2.0,2.0
3D-052,2,2.0,2.0
3D-052,3,2.001,2.001
3D-052,4,2.0,2.0
3D-052,5,2.001,2.001
3D-052,6,1.999,1.999
3D-052,7,2.0,2.0
3D-053,0,1.993,1.993
3D-053,1,1.993,1.993
3D-053,2,2.008,2.008
3D-053,3,2.008,2.008
3D-053,4,2.005,2.005
3D-053,5,2.007,2.007
3D-053,6,1.993,1.993
3D-053,7,1.994,1.994
3D-054,0,2.033,1.984
3D-054,1,2.033,1.984
3D-054,2,1.993,1.99
3D-054,3,1.993,1.99
3D-054,4,1.993,1.99
3D-054,5,1.994,1.991
3D-054,6,2.033,1.984
3D-054,7,2.033,1.984
3D-055,0,2.012,2.012
3D-055,1,2.016,2.016
3D-055,2,2.003,2.003
3D-055,3,1.981,1.981
3D-055,4,2.019,2.019
3D-055,5,1.992,1.992
3D-055,6,1.988,1.988
3D-055,7,1.989,1.989
3D-056,0,2.005,2.005
3D-056,1,1.999,1.999
3D-056,2,2.005,2.005
3D-056,3,1.999,1.999
3D-056,4,1.999,1.999
3D-056,5,1.998,1.998
3D-056,6,1.999,1.999
3D-056,7,1.998,1.998
3D-057,0,2.015,2.014
3D-057,1,2.015,2.015
3D-057,2,1.985,1.986
3D-057,3,1.985,1.985
3D-057,4,2.015,2.015
3D-057,5,2.015,2.015
3D-057,6,1.985,1.985
3D-057,7,1.985,1.985
3D-058,0,1.995,1.995
3D-058,1,1.992,1.992
3D-058,2,2.001,2.001
3D-058,3,2.012,2.012
3D-058,4,2.001,2.001
3D-058,5,2.012,2.012
3D-058,6,1.995,1.995
3D-058,7,1.992,1.992
3D-059,0,2.0,2.0
3D-059,1,2.001,2.001
3D-059,2,1.998,1.998
3D-059,3,2.0,2.0
3D-059,4,1.998,1.998
3D-059,5,2.001,2.001
3D-059,6,2.001,2.001
3D-059,7,2.001,2.001
3D-060,0,2.029,2.029
3D-060,1,1.991,1.991
3D-060,2,1.985,1.985
3D-060,3,2.003,2.003
3D-060,4,1.985,1.985
3D-060,5,1.987,1.987
3D-060,6,1.991,1.991
3D-060,7,2.029,2.029
3D-061,0,2.016,2.016
3D-061,1,1.98,1.98
3D-061,2,2.02,2.02
3D-061,3,2.016,2.016
3D-061,4,1.984,1.984
3D-061,5,2.019,2.02
3D-061,6,1.98,1.98
3D-061,7,1.984,1.984
3D-062,0,1.977,1.977
3D-062,1,2.026,2.025
3D-062,2,2.011,2.011
3D-062,3,2.006,2.006
3D-062,4,2.006,2.006
3D-062,5,1.966,1.966
3D-062,6,2.004,2.004
3D-062,7,2.004,2.004
3D-063,0,2.013,2.013
3D-063,1,1.992,1.993
3D-063,2,2.013,2.012
3D-063,3,1.993,1.993
3D-063,4,1.994,1.994
3D-063,5,2.001,2.001
3D-063,6,1.994,1.994
3D-063,7,2.001,2.001
3D-064,0,2.009,2.009
3D-064,1,2.01,2.01
3D-064,2,1.989,1.989
3D-064,3,1.99,1.99
3D-064,4,1.999,1.999
3D-064,5,2.0,2.0
3D-064,6,2.002,2.002
3D-064,7,2.002,2.002
3D-065,0,2.015,2.014
3D-065,1,2.007,2.007
3D-065,2,2.008,2.007
3D-065,3,2.015,2.014
3D-065,4,1.985,1.985
3D-065,5,1.994,1.994
3D-065,6,1.994,1.994
3D-065,7,1.984,1.984
3D-066,0,2.003,2.002
3D-066,1,2.003,2.003
3D-066,2,1.998,1.998
3D-066,3,1.998,1.998
3D-066,4,1.997,1.997
3D-066,5,1.997,1.997
3D-066,6,2.003,2.002
3D-066,7,2.002,2.002
3D-067,0,2.0,2.0
3D-067,1,2.0,2.0
3D-067,2,2.0,2.0
3D-067,3,2.0,2.0
3D-067,4,2.0,2.0
3D-067,5,2.0,2.0
3D-067,6,2.0,2.0
3D-067,7,2.0,2.0
3D-068,0,2.03,1.986
3D-068,1,1.987,1.984
3D-068,2,2.029,1.986
3D-068,3,2.023,2.015
3D-068,4,1.987,1.984
3D-068,5,1.99,1.986
3D-068,6,1.99,1.986
3D-068,7,2.02,2.018
3D-069,0,2.0,2.0
3D-069,1,2.0,2.0
3D-069,2,2.0,2.0
3D-069,3,2.0,2.0
3D-069,4,2.0,2.0
3D-069,5,2.0,2.0
3D-069,6,2.0,2.0
3D-069,7,2.0,2.0
3D-070,0,2.012,2.012
3D-070,1,1.988,1.988
3D-070,2,2.012,2.012
3D-070,3,1.988,1.988
3D-070,4,1.988,1.988
3D-070,5,2.012,2.012
3D-070,6,1.988,1.988
3D-070,7,2.013,2.013
3D-071,0,1.973,1.974
3D-071,1,1.973,1.973
3D-071,2,2.027,2.026
3D-071,3,2.027,2.027
3D-071,4,2.027,2.027
3D-071,5,2.027,2.027
3D-071,6,1.973,1.973
3D-071,7,1.973,1.973
3D-072,0,2.003,2.003
3D-072,1,2.006,2.006
3D-072,2,2.002,2.002
3D-072,3,1.993,1.993
3D-072,4,2.006,2.006
3D-072,5,1.998,1.998
3D-072,6,1.998,1.998
3D-072,7,1.994,1.994
3D-073,0,1.989,1.989
3D-073,1,1.988,1.988
3D-073,2,2.014,2.014
3D-073,3,2.014,2.014
3D-073,4,1.983,1.983
3D-073,5,1.982,1.982
3D-073,6,2.015,2.015
3D-073,7,2.015,2.015
3D-074,0,2.004,2.004
3D-074,1,2.004,2.004
3D-074,2,1.996,1.996
3D-074,3,1.996,1.996
3D-074,4,1.996,1.996
3D-074,5,1.996,1.996
3D-074,6,2.004,2.004
3D-074,7,2.004,2.004
3D-075,0,1.985,1.985
3D-075,1,1.995,1.995
3D-075,2,1.985,1.985
3D-075,3,1.996,1.996
3D-075,4,2.014,2.014
3D-075,5,2.005,2.005
3D-075,6,2.015,2.015
3D-075,7,2.005,2.005
3D-076,0,2.012,2.012
3D-076,1,2.006,2.006
3D-076,2,1.984,1.984
3D-076,3,2.006,2.006
3D-076,4,1.984,1.984
3D-076,5,2.011,2.011
3D-076,6,1.999,1.999
3D-076,7,1.999,1.999
3D-077,0,1.991,1.986
3D-077,1,2.042,1.987
3D-077,2,2.034,1.996
3D-077,3,2.011,1.994
3D-077,4,1.999,1.999
3D-077,5,2.0,1.999
3D-077,6,1.992,1.986
3D-077,7,1.992,1.992
3D-078,0,2.08,1.944
3D-078,1,1.982,1.988
3D-078,2,2.056,1.959
3D-078,3,1.952,2.068
3D-078,4,1.974,1.981
3D-078,5,2.413,1.622
3D-078,6,2.246,1.745
3D-078,7,2.23,1.761
3D-079,0,2.002,2.002
3D-079,1,2.002,2.002
3D-079,2,1.998,1.998
3D-079,3,1.998,1.998
3D-079,4,2.002,2.002
3D-079,5,2.002,2.002
3D-079,6,1.998,1.998
3D-079,7,1.998,1.998
3D-080,0,2.0,1.998
3D-080,1,2.028,1.98
3D-080,2,1.992,1.99
3D-080,3,1.995,1.991
3D-080,4,2.029,1.988
3D-080,5,1.994,1.989
3D-080,6,2.007,1.992
3D-080,7,2.017,2.01
3D-081,0,1.973,1.973
3D-081,1,2.009,2.009
3D-081,2,2.007,2.007
3D-081,3,2.011,2.011
3D-081,4,2.007,2.007
3D-081,5,2.011,2.011
3D-081,6,1.973,1.973
3D-081,7,2.009,2.009
3D-082,0,1.998,1.998
3D-082,1,2.002,2.002
3D-082,2,1.999,1.998
3D-082,3,2.002,2.001
3D-082,4,1.998,1.998
3D-082,5,2.002,2.002
3D-082,6,1.999,1.998
3D-082,7,2.002,2.001
3D-083,0,2.026,2.026
3D-083,1,1.989,1.989
3D-083,2,1.991,1.991
3D-083,3,2.021,2.021
3D-083,4,2.0,2.0
3D-083,5,1.988,1.988
3D-083,6,1.977,1.977
3D-083,7,2.007,2.008
3D-084,0,1.993,1.993
3D-084,1,1.978,1.978
3D-084,2,2.031,2.03
3D-084,3,2.03,2.03
3D-084,4,1.998,1.998
3D-084,5,1.993,1.993
3D-084,6,1.978,1.978
3D-084,7,1.998,1.998
3D-085,0,2.022,2.022
3D-085,1,1.983,1.983
3D-085,2,1.975,1.976
3D-085,3,2.019,2.019
3D-085,4,1.976,1.976
3D-085,5,2.018,2.018
3D-085,6,2.023,2.023
3D-085,7,1.983,1.983
3D-086,0,1.986,1.986
3D-086,1,1.99,1.99
3D-086,2,2.015,2.014
3D-086,3,2.01,2.01
3D-086,4,1.975,1.975
3D-086,5,1.987,1.987
3D-086,6,2.018,2.017
3D-086,7,2.021,2.021
3D-087,0,2.019,2.019
3D-087,1,1.981,1.981
3D-087,2,2.009,2.009
3D-087,3,2.009,2.009
3D-087,4,1.981,1.981
3D-087,5,1.992,1.992
3D-087,6,2.018,2.018
3D-087,7,1.992,1.992
3D-088,0,2.015,2.015
3D-088,1,2.02,2.02
3D-088,2,2.02,2.02
3D-088,3,1.997,1.997
3D-088,4,1.969,1.969
3D-088,5,2.015,2.015
3D-088,6,1.996,1.996
3D-088,7,1.969,1.969
3D-089,0,1.996,1.997
3D-089,1,2.012,2.012
3D-089,2,1.998,1.997
3D-089,3,1.997,1.997
3D-089,4,2.0,2.0
3D-089,5,1.997,1.998
3D-089,6,2.01,2.01
3D-089,7,1.989,1.989
3D-090,0,1.994,1.994
3D-090,1,2.0,2.0
3D-090,2,2.012,2.012
3D-090,3,1.994,1.994
3D-090,4,2.012,2.012
3D-090,5,1.994,1.994
3D-090,6,2.002,2.001
3D-090,7,1.994,1.994
3D-091,0,1.981,1.981
3D-091,1,2.007,2.007
3D-091,2,1.981,1.981
3D-091,3,2.007,2.007
3D-091,4,2.007,2.007
3D-091,5,2.005,2.005
3D-091,6,2.007,2.007
3D-091,7,2.005,2.005
3D-092,0,1.974,1.974
3D-092,1,1.993,1.993
3D-092,2,2.035,2.035
3D-092,3,1.999,1.999
3D-092,4,1.974,1.974
3D-092,5,1.999,1.999
3D-092,6,2.034,2.034
3D-092,7,1.993,1.993
3D-093,0,2.003,2.003
3D-093,1,1.985,1.985
3D-093,2,2.002,2.002
3D-093,3,2.017,2.017
3D-093,4,1.986,1.986
3D-093,5,1.989,1.989
3D-093,6,2.007,2.007
3D-093,7,2.011,2.011
3D-094,0,1.988,1.988
3D-094,1,1.988,1.988
3D-094,2,1.989,1.989
3D-094,3,1.988,1.988
3D-094,4,2.012,2.012
3D-094,5,2.012,2.012
3D-094,6,2.012,2.012
3D-094,7,2.012,2.012
3D-095,0,1.985,1.985
3D-095,1,1.986,1.986
3D-095,2,2.032,2.032
3D-095,3,1.985,1.984
3D-095,4,2.007,2.007
3D-095,5,1.967,1.967
3D-095,6,2.031,2.031
3D-095,7,2.008,2.008
3D-096,0,2.007,2.007
3D-096,1,2.019,2.019
3D-096,2,1.992,1.992
3D-096,3,1.991,1.991
3D-096,4,1.992,1.991
3D-096,5,1.983,1.983
3D-096,6,2.026,2.026
3D-096,7,1.991,1.991
3D-097,0,2.009,2.009
3D-097,1,2.012,2.012
3D-097,2,2.0,2.0
3D-097,3,1.98,1.98
3D-097,4,1.976,1.976
3D-097,5,2.005,2.005
3D-097,6,2.011,2.011
3D-097,7,2.008,2.008
3D-098,0,2.006,2.006
3D-098,1,2.009,2.009
3D-098,2,1.999,1.999
3D-098,3,1.998,1.998
3D-098,4,2.012,2.012
3D-098,5,2.006,2.006
3D-098,6,1.982,1.982
3D-098,7,1.988,1.988
3D-099,0,2.022,2.022
3D-099,1,2.022,2.022
3D-099,2,1.978,1.978
3D-099,3,1.978,1.978
3D-099,4,2.021,2.021
3D-099,5,2.022,2.022
3D-099,6,1.978,1.978
3D-099,7,1.978,1.978
3D-100,0,1.992,1.992
3D-100,1,2.007,2.007
3D-100,2,2.007,2.007
3D-100,3,1.995,1.995
3D-100,4,2.006,2.006
3D-100,5,1.992,1.992
3D-100,6,1.995,1.995
3D-100,7,2.007,2.007
3D-101,0,2.008,2.008
3D-101,1,1.996,1.996
3D-101,2,1.999,1.999
3D-101,3,1.985,1.985
3D-101,4,1.977,1.977
3D-101,5,2.009,2.009
3D-101,6,2.002,2.002
3D-101,7,2.025,2.025
3D-102,0,1.995,1.995
3D-102,1,2.008,2.008
3D-102,2,1.995,1.995
3D-102,3,2.008,2.008
3D-102,4,2.008,2.008
3D-102,5,1.989,1.989
3D-102,6,2.008,2.008
3D-102,7,1.989,1.989
3D-103,0,2.022,2.022
3D-103,1,1.986,1.986
3D-103,2,1.986,1.986
3D-103,3,2.006,2.006
3D-103,4,1.986,1.986
3D-103,5,2.006,2.006
3D-103,6,2.022,2.022
3D-103,7,1.986,1.986
3D-104,0,2.035,1.994
3D-104,1,2.035,1.994
3D-104,2,2.008,2.007
3D-104,3,1.991,1.987
3D-104,4,1.992,1.986
3D-104,5,2.009,2.007
3D-104,6,1.991,1.987
3D-104,7,1.992,1.986
3D-105,0,1.974,1.974
3D-105,1,1.969,1.969
3D-105,2,1.969,1.969
3D-105,3,2.003,2.004
3D-105,4,2.024,2.023
3D-105,5,2.024,2.023
3D-105,6,2.018,2.019
3D-105,7,2.018,2.019
3D-106,0,2.004,2.004
3D-106,1,1.993,1.993
3D-106,2,2.003,2.003
3D-106,3,2.007,2.007
3D-106,4,1.988,1.988
3D-106,5,2.01,2.01
3D-106,6,1.988,1.988
3D-106,7,2.007,2.007
3D-107,0,1.969,1.969
3D-107,1,1.969,1.969
3D-107,2,1.994,1.993
3D-107,3,1.994,1.994
3D-107,4,1.998,1.999
3D-107,5,2.025,2.025
3D-107,6,2.026,2.026
3D-107,7,2.026,2.026
3D-108,0,1.99,1.99
3D-108,1,1.996,1.996
3D-108,2,2.018,2.018
3D-108,3,1.996,1.996
3D-108,4,1.996,1.996
3D-108,5,1.996,1.996
3D-108,6,1.99,1.99
3D-108,7,2.018,2.018
3D-109,0,1.997,1.997
3D-109,1,2.004,2.004
3D-109,2,2.003,2.002
3D-109,3,1.997,1.997
3D-109,4,1.997,1.997
3D-109,5,2.004,2.004
3D-109,6,2.003,2.002
3D-109,7,1.997,1.997
3D-110,0,2.017,2.017
3D-110,1,2.016,2.016
3D-110,2,2.016,2.016
3D-110,3,2.017,2.017
3D-110,4,1.999,1.999
3D-110,5,1.968,1.968
3D-110,6,1.999,1.999
3D-110,7,1.968,1.968
3D-111,0,2.001,2.001
3D-111,1,2.001,2.001
3D-111,2,1.995,1.995
3D-111,3,2.002,2.002
3D-111,4,2.002,2.002
3D-111,5,1.995,1.995
3D-111,6,2.002,2.002
3D-111,7,2.002,2.002
3D-112,0,2.016,2.016
3D-112,1,1.984,1.984
3D-112,2,2.001,2.001
3D-112,3,1.998,1.998
3D-112,4,2.001,2.001
3D-112,5,1.998,1.998
3D-112,6,2.017,2.017
3D-112,7,1.984,1.984
3D-113,0,2.002,2.002
3D-113,1,2.006,2.006
3D-113,2,2.005,2.005
3D-113,3,2.003,2.003
3D-113,4,2.008,2.008
3D-113,5,1.984,1.984
3D-113,6,1.984,1.984
3D-113,7,2.008,2.008
3D-114,0,2.003,2.003
3D-114,1,1.981,1.981
3D-114,2,2.003,2.003
3D-114,3,1.981,1.981
3D-114,4,2.019,2.019
3D-114,5,1.997,1.997
3D-114,6,1.997,1.997
3D-114,7,2.019,2.019
3D-115,0,1.989,1.989
3D-115,1,1.983,1.983
3D-115,2,1.986,1.986
3D-115,3,1.988,1.988
3D-115,4,2.011,2.011
3D-115,5,2.01,2.011
3D-115,6,2.015,2.015
3D-115,7,2.017,2.017
3D-116,0,2.005,2.005
3D-116,1,2.003,2.003
3D-116,2,2.003,2.003
3D-116,3,2.003,2.003
3D-116,4,1.997,1.997
3D-116,5,1.977,1.977
3D-116,6,1.991,1.991
3D-116,7,2.02,2.02
3D-117,0,2.0,2.0
3D-117,1,1.997,1.997
3D-117,2,1.993,1.993
3D-117,3,2.018,2.018
3D-117,4,2.003,2.003
3D-117,5,2.009,2.009
3D-117,6,1.992,1.992
3D-117,7,1.988,1.988
3D-118,0,2.027,2.027
3D-118,1,1.982,1.982
3D-118,2,2.0,2.0
3D-118,3,1.991,1.991
3D-118,4,2.0,2.0
3D-118,5,1.982,1.982
3D-118,6,2.027,2.027
3D-118,7,1.991,1.991
3D-119,0,2.005,2.005
3D-119,1,2.001,2.001
3D-119,2,2.002,2.002
3D-119,3,2.001,2.001
3D-119,4,1.993,1.993
3D-119,5,2.009,2.009
3D-119,6,2.003,2.003
3D-119,7,1.986,1.986
3D-120,0,1.997,1.997
3D-120,1,1.997,1.997
3D-120,2,2.011,2.011
3D-120,3,2.009,2.009
3D-120,4,2.011,2.011
3D-120,5,1.984,1.984
3D-120,6,2.009,2.009
3D-120,7,1.984,1.984
3D-121,0,1.993,1.993
3D-121,1,2.006,2.006
3D-121,2,1.997,1.997
3D-121,3,1.989,1.989
3D-121,4,2.004,2.004
3D-121,5,2.003,2.003
3D-121,6,2.005,2.005
3D-121,7,2.003,2.003
3D-122,0,2.0,1.994
3D-122,1,1.984,1.979
3D-122,2,2.03,1.982
3D-122,3,2.017,2.017
3D-122,4,2.03,1.982
3D-122,5,2.0,1.994
3D-122,6,1.983,1.979
3D-122,7,2.015,2.015
3D-123,0,2.004,2.004
3D-123,1,1.961,1.961
3D-123,2,2.011,2.011
3D-123,3,2.003,2.003
3D-123,4,1.985,1.985
3D-123,5,2.021,2.021
3D-123,6,2.021,2.021
3D-123,7,1.994,1.994
3D-124,0,2.014,2.014
3D-124,1,1.976,1.976
3D-124,2,2.009,2.009
3D-124,3,2.0,2.0
3D-124,4,2.004,2.003
3D-124,5,2.025,2.025
3D-124,6,1.986,1.986
3D-124,7,1.987,1.987
3D-125,0,2.005,2.005
3D-125,1,1.983,1.983
3D-125,2,2.006,2.006
3D-125,3,2.006,2.006
3D-125,4,1.983,1.983
3D-125,5,2.006,2.006
3D-125,6,2.004,2.004
3D-125,7,2.006,2.006
3D-126,0,2.007,2.007
3D-126,1,1.998,1.998
3D-126,2,2.002,2.002
3D-126,3,2.003,2.003
3D-126,4,1.995,1.995
3D-126,5,2.01,2.01
3D-126,6,1.995,1.995
3D-126,7,1.989,1.989
3D-127,0,2.022,2.022
3D-127,1,1.975,1.975
3D-127,2,1.998,1.997
3D-127,3,1.997,1.997
3D-127,4,1.975,1.975
3D-127,5,2.014,2.014
3D-127,6,2.005,2.005
3D-127,7,2.014,2.014
3D-128,0,1.967,1.967
3D-128,1,2.026,2.026
3D-128,2,2.027,2.026
3D-128,3,1.993,1.993
3D-128,4,2.0,2.0
3D-128,5,1.995,1.995
3D-128,6,2.0,2.0
3D-128,7,1.993,1.993
3D-129,0,1.995,1.995
3D-129,1,1.996,1.996
3D-129,2,2.014,2.014
3D-129,3,2.014,2.014
3D-129,4,1.996,1.996
3D-129,5,1.995,1.995
3D-129,6,1.995,1.995
3D-129,7,1.995,1.995
3D-130,0,1.992,1.992
3D-130,1,2.02,2.02
3D-130,2,2.021,2.021
3D-130,3,2.012,2.012
3D-130,4,1.984,1.984
3D-130,5,1.996,1.996
3D-130,6,1.986,1.986
3D-130,7,1.99,1.99
3D-131,0,1.977,1.977
3D-131,1,2.003,2.003
3D-131,2,1.994,1.994
3D-131,3,2.026,2.026
3D-131,4,2.003,2.003
3D-131,5,2.026,2.026
3D-131,6,1.977,1.977
3D-131,7,1.994,1.994
3D-132,0,2.086,1.89
3D-132,1,2.17,1.771
3D-132,2,1.97,2.067
3D-132,3,2.049,2.002
3D-132,4,1.957,2.038
3D-132,5,2.006,1.988
3D-132,6,2.155,1.855
3D-132,7,2.006,1.989
3D-133,0,1.982,1.982
3D-133,1,2.018,2.018
3D-133,2,1.981,1.981
3D-133,3,2.014,2.014
3D-133,4,1.982,1.982
3D-133,5,2.004,2.004
3D-133,6,2.014,2.014
3D-133,7,2.004,2.004
3D-134,0,2.0,2.0
3D-134,1,2.001,2.001
3D-134,2,2.002,2.002
3D-134,3,2.002,2.002
3D-134,4,2.001,2.001
3D-134,5,1.995,1.995
3D-134,6,1.996,1.996
3D-134,7,2.002,2.002
3D-135,0,1.985,1.985
3D-135,1,1.986,1.986
3D-135,2,2.005,2.005
3D-135,3,1.985,1.985
3D-135,4,2.024,2.024
3D-135,5,1.985,1.985
3D-135,6,2.005,2.005
3D-135,7,2.024,2.025
3D-136,0,1.994,1.994
3D-136,1,2.028,2.028
3D-136,2,1.993,1.993
3D-136,3,1.996,1.996
3D-136,4,2.028,2.028
3D-136,5,1.982,1.982
3D-136,6,1.982,1.982
3D-136,7,1.996,1.996
3D-137,0,2.025,2.025
3D-137,1,2.0,2.0
3D-137,2,2.0,2.0
3D-137,3,1.976,1.976
3D-137,4,1.976,1.976
3D-137,5,2.0,2.0
3D-137,6,2.025,2.025
3D-137,7,2.0,2.0
3D-138,0,2.022,2.022
3D-138,1,2.002,2.002
3D-138,2,2.021,2.021
3D-138,3,1.987,1.987
3D-138,4,2.029,2.029
3D-138,5,1.963,1.963
3D-138,6,1.997,1.998
3D-138,7,1.979,1.979
3D-139,0,2.018,2.018
3D-139,1,2.018,2.018
3D-139,2,1.987,1.987
3D-139,3,1.987,1.987
3D-139,4,1.992,1.992
3D-139,5,1.991,1.991
3D-139,6,2.003,2.003
3D-139,7,2.003,2.003
3D-140,0,2.003,2.003
3D-140,1,2.01,2.01
3D-140,2,1.993,1.993
3D-140,3,1.993,1.993
3D-140,4,1.994,1.994
3D-140,5,2.002,2.002
3D-140,6,1.994,1.994
3D-140,7,2.01,2.01
3D-141,0,2.005,2.005
3D-141,1,1.986,1.986
3D-141,2,2.032,2.032
3D-141,3,2.012,2.012
3D-141,4,1.975,1.975
3D-141,5,2.008,2.008
3D-141,6,2.005,2.005
3D-141,7,1.978,1.978
3D-142,0,2.015,2.001
3D-142,1,1.989,1.978
3D-142,2,2.015,2.0
3D-142,3,2.015,2.019
3D-142,4,2.08,1.903
3D-142,5,2.015,2.019
3D-142,6,2.08,1.903
3D-142,7,1.989,1.978
3D-143,0,1.989,1.978
3D-143,1,2.005,2.005
3D-143,2,2.009,1.998
3D-143,3,1.991,1.991
3D-143,4,2.02,2.02
3D-143,5,1.991,1.99
3D-143,6,2.012,2.01
3D-143,7,1.995,1.995
3D-144,0,2.052,1.929
3D-144,1,2.01,2.005
3D-144,2,1.987,1.977
3D-144,3,2.019,2.021
3D-144,4,2.018,2.021
3D-144,5,2.01,2.005
3D-144,6,2.052,1.929
3D-144,7,1.987,1.976
3D-145,0,2.002,2.002
3D-145,1,1.979,1.979
3D-145,2,1.994,1.994
3D-145,3,1.994,1.994
3D-145,4,2.032,2.032
3D-145,5,2.023,2.023
3D-145,6,1.988,1.988
3D-145,7,1.988,1.988
3D-146,0,1.991,1.981
3D-146,1,2.012,1.999
3D-146,2,2.062,1.912
3D-146,3,2.021,2.023
3D-146,4,2.021,2.023
3D-146,5,2.012,1.999
3D-146,6,2.061,1.911
3D-146,7,1.991,1.982
3D-147,0,2.022,2.022
3D-147,1,2.013,2.014
3D-147,2,1.991,1.992
3D-147,3,1.98,1.98
3D-147,4,1.99,1.99
3D-147,5,1.994,1.994
3D-147,6,1.983,1.983
3D-147,7,2.027,2.027
3D-148,0,1.998,1.998
3D-148,1,1.998,1.997
3D-148,2,1.998,1.997
3D-148,3,2.005,2.005
3D-148,4,2.0,2.0
3D-148,5,2.0,2.0
3D-148,6,2.005,2.005
3D-148,7,1.998,1.997
3D-149,0,2.029,2.029
3D-149,1,1.984,1.984
3D-149,2,2.002,2.002
3D-149,3,1.998,1.998
3D-149,4,2.008,2.008
3D-149,5,1.993,1.993
3D-149,6,2.009,2.009
3D-149,7,1.976,1.976
3D-150,0,1.982,1.968
3D-150,1,2.021,2.013
3D-150,2,2.122,1.915
3D-150,3,2.002,1.989
3D-150,4,2.006,1.994
3D-150,5,2.053,1.906
3D-150,6,2.007,1.998
3D-150,7,2.007,2.015
3D-151,0,1.98,1.98
3D-151,1,1.999,1.999
3D-151,2,1.992,1.992
3D-151,3,1.992,1.992
3D-151,4,1.998,1.998
3D-151,5,1.98,1.98
3D-151,6,2.03,2.03
3D-151,7,2.029,2.029
3D-152,0,1.988,1.988
3D-152,1,2.025,2.025
3D-152,2,2.025,2.025
3D-152,3,1.986,1.986
3D-152,4,1.986,1.986
3D-152,5,1.988,1.988
3D-152,6,2.0,2.0
3D-152,7,2.001,2.001
3D-153,0,1.981,1.981
3D-153,1,1.98,1.981
3D-153,2,2.014,2.014
3D-153,3,2.014,2.014
3D-153,4,1.983,1.983
3D-153,5,1.983,1.983
3D-153,6,2.022,2.022
3D-153,7,2.022,2.022
3D-154,0,1.972,1.972
3D-154,1,2.006,2.005
3D-154,2,1.992,1.992
3D-154,3,2.002,2.002
3D-154,4,1.975,1.975
3D-154,5,2.016,2.016
3D-154,6,2.014,2.014
3D-154,7,2.023,2.023
3D-155,0,1.989,1.989
3D-155,1,2.017,2.017
3D-155,2,2.0,2.0
3D-155,3,2.029,2.029
3D-155,4,1.989,1.989
3D-155,5,1.979,1.979
3D-155,6,2.02,2.02
3D-155,7,1.977,1.977
3D-156,0,2.014,2.014
3D-156,1,1.975,1.975
3D-156,2,1.989,1.989
3D-156,3,2.022,2.022
3D-156,4,1.989,1.989
3D-156,5,2.022,2.022
3D-156,6,2.014,2.014
3D-156,7,1.975,1.975
3D-157,0,2.02,1.975
3D-157,1,2.019,1.974
3D-157,2,2.019,1.975
3D-157,3,2.004,2.002
3D-157,4,2.02,1.976
3D-157,5,2.004,2.002
3D-157,6,2.004,2.002
3D-157,7,2.003,2.002
3D-158,0,1.983,1.983
3D-158,1,1.993,1.993
3D-158,2,1.979,1.979
3D-158,3,1.995,1.996
3D-158,4,2.028,2.028
3D-158,5,2.028,2.027
3D-158,6,1.993,1.993
3D-158,7,2.0,2.001
3D-159,0,2.01,2.01
3D-159,1,2.01,2.01
3D-159,2,1.994,1.995
3D-159,3,2.012,2.012
3D-159,4,1.984,1.984
3D-159,5,1.994,1.995
3D-159,6,2.011,2.011
3D-159,7,1.983,1.983
3D-160,0,1.988,1.988
3D-160,1,1.946,1.946
3D-160,2,2.006,2.006
3D-160,3,2.025,2.025
3D-160,4,2.013,2.013
3D-160,5,2.019,2.019
3D-160,6,1.989,1.989
3D-160,7,2.012,2.012
3D-161,0,2.002,2.002
3D-161,1,1.997,1.997
3D-161,2,2.002,2.002
3D-161,3,1.997,1.997
3D-161,4,1.988,1.988
3D-161,5,2.013,2.013
3D-161,6,1.988,1.988
3D-161,7,2.013,2.013
3D-162,0,2.027,2.027
3D-162,1,1.971,1.97
3D-162,2,1.991,1.991
3D-162,3,2.008,2.009
3D-162,4,1.983,1.983
3D-162,5,2.035,2.034
3D-162,6,1.991,1.991
3D-162,7,1.996,1.996
3D-163,0,1.997,1.997
3D-163,1,1.997,1.997
3D-163,2,1.983,1.983
3D-163,3,1.997,1.997
3D-163,4,2.023,2.023
3D-163,5,2.023,2.023
3D-163,6,1.997,1.997
3D-163,7,1.984,1.983
3D-164,0,2.003,2.003
3D-164,1,2.0,2.0
3D-164,2,1.981,1.982
3D-164,3,2.017,2.013
3D-164,4,1.981,1.98
3D-164,5,2.003,2.002
3D-164,6,2.0,2.0
3D-164,7,2.016,2.018
3D-165,0,1.997,1.982
3D-165,1,1.986,1.979
3D-165,2,2.039,2.041
3D-165,3,1.999,1.978
3D-165,4,1.997,1.982
3D-165,5,1.986,1.979
3D-165,6,2.039,2.041
3D-165,7,1.999,1.978
3D-166,0,1.982,1.982
3D-166,1,2.002,2.002
3D-166,2,2.002,2.002
3D-166,3,2.015,2.015
3D-166,4,2.002,2.002
3D-166,5,2.014,2.014
3D-166,6,1.981,1.981
3D-166,7,2.002,2.002
3D-167,0,2.022,2.022
3D-167,1,2.01,2.01
3D-167,2,1.996,1.996
3D-167,3,2.016,2.016
3D-167,4,1.981,1.981
3D-167,5,1.995,1.995
3D-167,6,1.987,1.987
3D-167,7,1.993,1.993
3D-168,0,1.99,1.99
3D-168,1,1.989,1.989
3D-168,2,2.033,2.033
3D-168,3,1.989,1.989
3D-168,4,1.989,1.99
3D-168,5,1.989,1.989
3D-168,6,2.033,2.032
3D-168,7,1.989,1.989
3D-169,0,1.974,1.974
3D-169,1,2.003,2.003
3D-169,2,2.008,2.008
3D-169,3,2.018,2.018
3D-169,4,2.008,2.008
3D-169,5,1.971,1.971
3D-169,6,2.003,2.003
3D-169,7,2.014,2.014
3D-170,0,2.035,2.016
3D-170,1,2.217,1.725
3D-170,2,1.981,1.968
3D-170,3,2.025,1.965
3D-170,4,2.16,1.84
3D-170,5,2.032,2.003
3D-170,6,1.949,2.059
3D-170,7,2.001,2.026
3D-171,0,2.02,2.02
3D-171,1,2.001,2.001
3D-171,2,1.994,1.994
3D-171,3,1.988,1.988
3D-171,4,2.008,2.008
3D-171,5,2.0,2.0
3D-171,6,1.983,1.983
3D-171,7,2.005,2.006
3D-172,0,2.013,2.013
3D-172,1,2.0,2.0
3D-172,2,2.013,2.013
3D-172,3,2.001,2.001
3D-172,4,1.987,1.987
3D-172,5,1.988,1.988
3D-172,6,2.0,2.0
3D-172,7,1.998,1.998
3D-173,0,2.013,2.013
3D-173,1,2.018,2.018
3D-173,2,2.021,2.021
3D-173,3,1.979,1.979
3D-173,4,2.02,2.02
3D-173,5,1.987,1.987
3D-173,6,1.968,1.968
3D-173,7,1.994,1.994
3D-174,0,2.006,2.001
3D-174,1,1.995,1.991
3D-174,2,1.99,1.984
3D-174,3,2.055,2.002
3D-174,4,1.964,1.959
3D-174,5,2.022,2.023
3D-174,6,2.021,2.019
3D-174,7,2.003,1.965
3D-175,0,2.012,2.012
3D-175,1,1.999,1.999
3D-175,2,1.989,1.989
3D-175,3,1.973,1.973
3D-175,4,2.019,2.019
3D-175,5,2.01,2.01
3D-175,6,2.016,2.016
3D-175,7,1.982,1.982
3D-176,0,2.02,2.021
3D-176,1,1.966,1.966
3D-176,2,2.021,2.02
3D-176,3,1.997,1.997
3D-176,4,2.014,2.014
3D-176,5,2.013,2.013
3D-176,6,1.973,1.973
3D-176,7,1.997,1.997
3D-177,0,1.974,1.974
3D-177,1,1.994,1.994
3D-177,2,2.003,2.003
3D-177,3,2.0,2.0
3D-177,4,2.002,2.002
3D-177,5,1.99,1.99
3D-177,6,2.045,2.044
3D-177,7,1.993,1.993
3D-178,0,2.131,2.009
3D-178,1,1.998,1.997
3D-178,2,2.121,1.863
3D-178,3,1.997,2.02
3D-178,4,1.981,1.991
3D-178,5,1.983,1.981
3D-178,6,1.993,1.96
3D-178,7,1.997,1.978
3D-179,0,2.01,2.01
3D-179,1,1.99,1.99
3D-179,2,2.01,2.01
3D-179,3,1.99,1.99
3D-179,4,2.01,2.01
3D-179,5,1.99,1.99
3D-179,6,2.01,2.01
3D-179,7,1.99,1.99
3D-180,0,2.037,2.037
3D-180,1,2.019,2.019
3D-180,2,1.999,1.999
3D-180,3,1.986,1.986
3D-180,4,1.968,1.968
3D-180,5,1.997,1.996
3D-180,6,2.001,2.001
3D-180,7,1.994,1.995
3D-181,0,2.014,2.015
3D-181,1,2.006,2.005
3D-181,2,1.993,1.993
3D-181,3,1.999,1.999
3D-181,4,1.972,1.971
3D-181,5,1.989,1.989
3D-181,6,2.003,2.003
3D-181,7,2.024,2.023
3D-182,0,2.002,2.002
3D-182,1,1.976,1.976
3D-182,2,1.992,1.992
3D-182,3,2.007,2.007
3D-182,4,2.016,2.016
3D-182,5,2.021,2.02
3D-182,6,1.978,1.978
3D-182,7,2.008,2.008
3D-183,0,2.01,2.038
3D-183,1,2.011,2.002
3D-183,2,2.067,1.964
3D-183,3,1.991,1.987
3D-183,4,1.995,1.996
3D-183,5,1.997,1.994
3D-183,6,2.001,2.0
3D-183,7,1.973,1.973
3D-184,0,1.994,1.994
3D-184,1,2.003,2.003
3D-184,2,2.005,2.005
3D-184,3,1.987,1.987
3D-184,4,2.016,2.017
3D-184,5,1.998,1.998
3D-184,6,1.995,1.995
3D-184,7,2.002,2.002
3D-185,0,2.001,1.982
3D-185,1,1.981,2.004
3D-185,2,2.062,1.997
3D-185,3,1.959,1.972
3D-185,4,1.975,2.002
3D-185,5,2.159,1.906
3D-185,6,2.044,1.931
3D-185,7,2.015,2.009
3D-186,0,1.993,1.993
3D-186,1,1.994,1.994
3D-186,2,1.994,1.994
3D-186,3,1.994,1.994
3D-186,4,1.993,1.994
3D-186,5,1.993,1.993
3D-186,6,2.019,2.019
3D-186,7,2.019,2.019
3D-187,0,2.002,2.002
3D-187,1,2.002,2.002
3D-187,2,2.01,2.01
3D-187,3,2.01,2.01
3D-187,4,2.007,2.007
3D-187,5,2.006,2.006
3D-187,6,1.982,1.982
3D-187,7,1.981,1.981
3D-188,0,2.009,2.009
3D-188,1,1.978,1.978
3D-188,2,2.004,2.004
3D-188,3,1.991,1.991
3D-188,4,1.978,1.978
3D-188,5,2.039,2.039
3D-188,6,1.991,1.991
3D-188,7,2.01,2.01
3D-189,0,2.0,1.999
3D-189,1,1.974,1.974
3D-189,2,1.967,1.967
3D-189,3,2.006,2.005
3D-189,4,2.011,2.01
3D-189,5,2.021,2.021
3D-189,6,2.017,2.017
3D-189,7,2.007,2.007
3D-190,0,1.977,1.977
3D-190,1,2.018,2.018
3D-190,2,1.976,1.976
3D-190,3,1.985,1.985
3D-190,4,2.027,2.027
3D-190,5,1.978,1.978
3D-190,6,2.015,2.015
3D-190,7,2.023,2.023
3D-191,0,2.102,1.903
3D-191,1,2.022,2.008
3D-191,2,2.022,2.0
3D-191,3,2.003,1.991
3D-191,4,1.975,1.962
3D-191,5,2.012,1.988
3D-191,6,2.063,1.946
3D-191,7,2.001,2.005
3D-192,0,2.008,2.001
3D-192,1,2.027,2.021
3D-192,2,2.0,2.015
3D-192,3,2.05,1.88
3D-192,4,1.999,2.014
3D-192,5,2.05,1.879
3D-192,6,2.009,2.001
3D-192,7,2.026,2.021
3D-193,0,2.008,2.008
3D-193,1,1.985,1.985
3D-193,2,2.023,2.023
3D-193,3,1.984,1.984
3D-193,4,1.985,1.985
3D-193,5,2.008,2.008
3D-193,6,1.984,1.984
3D-193,7,2.023,2.023
3D-194,0,1.822,2.197
3D-194,1,2.015,2.011
3D-194,2,2.008,1.981
3D-194,3,2.005,2.0
3D-194,4,1.992,1.971
3D-194,5,2.039,1.968
3D-194,6,2.029,1.973
3D-194,7,2.29,1.698
3D-195,0,1.974,1.974
3D-195,1,2.008,2.008
3D-195,2,1.998,1.999
3D-195,3,2.006,2.006
3D-195,4,1.992,1.992
3D-195,5,2.001,2.001
3D-195,6,2.034,2.034
3D-195,7,1.986,1.986
3D-196,0,1.998,1.998
3D-196,1,1.991,1.991
3D-196,2,2.005,2.005
3D-196,3,2.005,2.005
3D-196,4,1.998,1.998
3D-196,5,1.991,1.991
3D-196,6,2.005,2.005
3D-196,7,2.005,2.005
3D-197,0,2.013,2.013
3D-197,1,1.993,1.993
3D-197,2,1.997,1.997
3D-197,3,2.002,2.002
3D-197,4,1.994,1.994
3D-197,5,2.023,2.023
3D-197,6,1.96,1.96
3D-197,7,2.019,2.019
3D-198,0,2.038,2.039
3D-198,1,2.016,2.016
3D-198,2,1.954,1.954
3D-198,3,2.016,2.016
3D-198,4,1.991,1.991
3D-198,5,2.039,2.039
3D-198,6,1.991,1.991
3D-198,7,1.954,1.954
3D-199,0,1.998,1.998
3D-199,1,1.999,1.999
3D-199,2,1.994,1.994
3D-199,3,2.048,2.048
3D-199,4,1.958,1.958
3D-199,5,2.036,2.036
3D-199,6,1.977,1.977
3D-199,7,1.991,1.991
3D-200,0,2.386,1.623
3D-200,1,2.003,1.972
3D-200,2,2.017,1.966
3D-200,3,2.386,1.623
3D-200,4,2.017,1.966
3D-200,5,2.038,2.019
3D-200,6,2.003,1.972
3D-200,7,2.084,1.924
3D-201,0,1.974,1.974
3D-201,1,1.987,1.987
3D-201,2,2.048,2.049
3D-201,3,2.008,2.008
3D-201,4,1.997,1.997
3D-201,5,2.005,2.005
3D-201,6,1.983,1.982
3D-201,7,1.997,1.997
3D-202,0,2.055,1.917
3D-202,1,2.016,2.026
3D-202,2,2.007,1.974
3D-202,3,2.004,2.003
3D-202,4,2.0,1.954
3D-202,5,1.981,1.957
3D-202,6,2.058,2.024
3D-202,7,2.032,1.993
3D-203,0,1.991,1.987
3D-203,1,2.061,1.974
3D-203,2,2.017,2.009
3D-203,3,1.985,1.974
3D-203,4,2.071,1.963
3D-203,5,1.995,1.991
3D-203,6,1.992,1.984
3D-203,7,2.007,2.0
3D-204,0,2.044,1.964
3D-204,1,2.007,1.97
3D-204,2,2.044,1.964
3D-204,3,2.038,1.976
3D-204,4,2.006,1.97
3D-204,5,2.197,1.805
3D-204,6,2.196,1.806
3D-204,7,2.038,1.976
3D-205,0,2.009,2.009
3D-205,1,1.994,1.994
3D-205,2,1.979,1.979
3D-205,3,2.012,2.012
3D-205,4,2.03,2.03
3D-205,5,1.978,1.978
3D-205,6,2.017,2.016
3D-205,7,1.982,1.982
3D-206,0,2.103,1.884
3D-206,1,2.0,2.009
3D-206,2,2.009,1.998
3D-206,3,1.992,1.954
3D-206,4,2.006,1.996
3D-206,5,2.003,2.002
3D-206,6,2.004,2.014
3D-206,7,2.082,1.943
3D-207,0,1.982,1.982
3D-207,1,2.017,2.017
3D-207,2,2.018,2.018
3D-207,3,2.018,2.018
3D-207,4,1.957,1.957
3D-207,5,2.02,2.02
3D-207,6,1.988,1.988
3D-207,7,1.999,1.999
3D-208,0,2.02,2.019
3D-208,1,1.974,1.974
3D-208,2,2.02,2.02
3D-208,3,1.973,1.973
3D-208,4,1.999,1.999
3D-208,5,2.008,2.008
3D-208,6,1.999,1.999
3D-208,7,2.008,2.008
3D-209,0,1.982,1.982
3D-209,1,1.968,1.968
3D-209,2,2.021,2.021
3D-209,3,1.982,1.982
3D-209,4,2.028,2.029
3D-209,5,1.968,1.968
3D-209,6,2.021,2.021
3D-209,7,2.028,2.029
3D-210,0,2.005,2.005
3D-210,1,1.997,1.997
3D-210,2,1.992,1.993
3D-210,3,2.005,2.005
3D-210,4,2.005,2.005
3D-210,5,1.997,1.997
3D-210,6,1.992,1.993
3D-210,7,2.005,2.005
3D-211,0,1.985,1.985
3D-211,1,2.009,2.009
3D-211,2,2.001,2.001
3D-211,3,1.999,1.999
3D-211,4,2.005,2.005
3D-211,5,1.97,1.97
3D-211,6,2.03,2.03
3D-211,7,2.001,2.001
3D-212,0,1.988,1.987
3D-212,1,2.095,1.87
3D-212,2,1.981,1.952
3D-212,3,2.01,2.002
3D-212,4,2.0,1.998
3D-212,5,1.999,2.028
3D-212,6,2.066,2.03
3D-212,7,1.994,2.0
3D-213,0,1.976,1.976
3D-213,1,1.982,1.982
3D-213,2,1.997,1.997
3D-213,3,2.004,2.004
3D-213,4,2.015,2.015
3D-213,5,2.006,2.006
3D-213,6,1.986,1.986
3D-213,7,2.034,2.034
3D-214,0,2.027,1.973
3D-214,1,1.994,1.996
3D-214,2,2.037,1.975
3D-214,3,1.998,1.972
3D-214,4,2.019,2.031
3D-214,5,2.02,1.968
3D-214,6,2.081,1.899
3D-214,7,2.006,2.005
3D-215,0,1.985,1.985
3D-215,1,2.035,2.035
3D-215,2,2.035,2.035
3D-215,3,1.945,1.945
3D-215,4,1.985,1.985
3D-215,5,2.035,2.035
3D-215,6,2.035,2.035
3D-215,7,1.945,1.945
3D-216,0,2.02,2.021
3D-216,1,1.994,1.994
3D-216,2,1.968,1.968
3D-216,3,1.988,1.988
3D-216,4,2.02,2.02
3D-216,5,2.004,2.004
3D-216,6,1.986,1.986
3D-216,7,2.019,2.019
3D-217,0,1.993,1.993
3D-217,1,1.997,1.997
3D-217,2,1.986,1.986
3D-217,3,2.027,2.027
3D-217,4,2.009,2.009
3D-217,5,2.018,2.018
3D-217,6,2.0,2.0
3D-217,7,1.971,1.971
3D-218,0,1.98,2.058
3D-218,1,2.089,1.961
3D-218,2,2.026,1.971
3D-218,3,1.995,1.997
3D-218,4,1.963,1.961
3D-218,5,1.984,1.981
3D-218,6,2.007,1.996
3D-218,7,2.046,1.986
3D-219,0,2.009,2.009
3D-219,1,2.021,2.022
3D-219,2,2.019,2.018
3D-219,3,2.013,2.012
3D-219,4,1.966,1.966
3D-219,5,1.985,1.985
3D-219,6,2.005,2.006
3D-219,7,1.982,1.982
3D-220,0,2.011,1.981
3D-220,1,1.974,1.985
3D-220,2,2.037,1.985
3D-220,3,2.339,1.638
3D-220,4,2.029,1.959
3D-220,5,2.028,2.012
3D-220,6,2.002,2.031
3D-220,7,1.981,2.01
3D-221,0,1.999,1.999
3D-221,1,1.993,1.993
3D-221,2,1.997,1.997
3D-221,3,1.973,1.973
3D-221,4,2.004,2.004
3D-221,5,2.008,2.008
3D-221,6,1.997,1.997
3D-221,7,2.03,2.031
3D-222,0,2.0,2.0
3D-222,1,1.989,1.989
3D-222,2,1.951,1.951
3D-222,3,1.998,1.998
3D-222,4,2.013,2.013
3D-222,5,1.994,1.995
3D-222,6,2.017,2.016
3D-222,7,2.038,2.038
3D-223,0,1.995,1.995
3D-223,1,1.988,1.988
3D-223,2,2.029,2.03
3D-223,3,1.988,1.988
3D-223,4,1.995,1.995
3D-223,5,1.988,1.988
3D-223,6,2.029,2.03
3D-223,7,1.988,1.988
3D-224,0,2.0,2.0
3D-224,1,2.005,2.005
3D-224,2,2.028,2.028
3D-224,3,1.971,1.97
3D-224,4,1.98,1.98
3D-224,5,2.003,2.003
3D-224,6,2.011,2.011
3D-224,7,2.003,2.003
3D-225,0,2.006,2.006
3D-225,1,2.013,2.013
3D-225,2,2.001,2.001
3D-225,3,1.968,1.968
3D-225,4,1.993,1.993
3D-225,5,2.015,2.015
3D-225,6,1.985,1.984
3D-225,7,2.019,2.02
3D-226,0,2.363,1.632
3D-226,1,1.997,2.0
3D-226,2,2.0,2.053
3D-226,3,1.992,1.995
3D-226,4,2.039,1.976
3D-226,5,2.01,1.964
3D-226,6,1.996,1.99
3D-226,7,2.004,1.991
3D-227,0,1.986,1.986
3D-227,1,2.011,2.01
3D-227,2,2.018,2.018
3D-227,3,1.986,1.986
3D-227,4,2.011,2.01
3D-227,5,1.986,1.986
3D-227,6,2.018,2.018
3D-227,7,1.986,1.986
3D-228,0,1.993,1.993
3D-228,1,1.993,1.993
3D-228,2,2.003,2.003
3D-228,3,2.003,2.003
3D-228,4,1.998,1.998
3D-228,5,1.997,1.997
3D-228,6,2.007,2.007
3D-228,7,2.007,2.007
3D-229,0,2.018,2.018
3D-229,1,2.016,2.015
3D-229,2,2.003,2.003
3D-229,3,1.956,1.956
3D-229,4,1.995,1.995
3D-229,5,2.015,2.015
3D-229,6,1.988,1.988
3D-229,7,2.01,2.009
3D-230,0,2.027,2.027
3D-230,1,1.979,1.979
3D-230,2,2.006,2.006
3D-230,3,1.978,1.978
3D-230,4,1.994,1.994
3D-230,5,1.995,1.995
3D-230,6,1.994,1.994
3D-230,7,2.028,2.027
3D-231,0,1.944,2.06
3D-231,1,2.083,1.925
3D-231,2,2.01,1.984
3D-231,3,1.956,1.973
3D-231,4,1.965,2.05
3D-231,5,2.03,2.009
3D-231,6,2.105,1.897
3D-231,7,1.946,2.064
3D-232,0,1.992,1.992
3D-232,1,2.022,2.022
3D-232,2,2.005,2.005
3D-232,3,1.968,1.968
3D-232,4,1.988,1.988
3D-232,5,1.995,1.994
3D-232,6,2.033,2.033
3D-232,7,1.998,1.997
3D-233,0,1.988,2.005
3D-233,1,2.02,1.974
3D-233,2,2.044,1.997
3D-233,3,2.01,2.031
3D-233,4,1.989,2.006
3D-233,5,2.021,1.973
3D-233,6,2.008,1.967
3D-233,7,1.972,1.994
3D-234,0,1.997,1.997
3D-234,1,2.004,2.004
3D-234,2,1.988,1.988
3D-234,3,1.995,1.995
3D-234,4,2.027,2.027
3D-234,5,2.001,2.002
3D-234,6,2.027,2.027
3D-234,7,1.96,1.96
3D-235,0,2.011,2.012
3D-235,1,1.987,1.988
3D-235,2,2.018,2.017
3D-235,3,2.028,2.028
3D-235,4,1.998,1.998
3D-235,5,1.973,1.973
3D-235,6,1.982,1.982
3D-235,7,2.002,2.002
3D-236,0,2.03,1.971
3D-236,1,1.996,1.992
3D-236,2,1.997,1.993
3D-236,3,2.033,1.99
3D-236,4,1.996,1.992
3D-236,5,2.033,1.99
3D-236,6,2.03,1.971
3D-236,7,1.996,1.992
3D-237,0,2.001,1.992
3D-237,1,1.976,1.946
3D-237,2,2.009,2.011
3D-237,3,1.977,2.109
3D-237,4,2.01,1.965
3D-237,5,2.196,1.778
3D-237,6,2.015,2.009
3D-237,7,2.016,1.989
3D-238,0,2.238,1.865
3D-238,1,2.179,1.816
3D-238,2,2.007,1.994
3D-238,3,2.029,1.986
3D-238,4,2.0,1.97
3D-238,5,1.953,2.043
3D-238,6,1.981,1.951
3D-238,7,2.012,1.975
3D-239,0,2.016,2.016
3D-239,1,1.971,1.96
3D-239,2,1.984,1.968
3D-239,3,2.159,1.96
3D-239,4,2.017,2.002
3D-239,5,2.003,1.999
3D-239,6,1.98,1.96
3D-239,7,2.068,1.936
3D-240,0,1.985,1.985
3D-240,1,1.989,1.989
3D-240,2,2.022,2.022
3D-240,3,1.988,1.988
3D-240,4,2.004,2.004
3D-240,5,1.967,1.967
3D-240,6,2.023,2.023
3D-240,7,2.022,2.022
3D-241,0,2.348,1.66
3D-241,1,2.017,2.01
3D-241,2,2.097,1.963
3D-241,3,1.996,1.946
3D-241,4,2.001,2.043
3D-241,5,2.007,1.941
3D-241,6,1.973,1.973
3D-241,7,2.018,2.008
3D-242,0,2.013,2.013
3D-242,1,1.988,1.988
3D-242,2,2.01,2.011
3D-242,3,2.012,2.012
3D-242,4,2.009,2.009
3D-242,5,1.99,1.99
3D-242,6,2.002,2.003
3D-242,7,1.976,1.976
3D-243,0,2.012,2.011
3D-243,1,1.982,1.982
3D-243,2,2.025,2.026
3D-243,3,2.016,2.017
3D-243,4,1.977,1.977
3D-243,5,2.04,2.04
3D-243,6,1.972,1.972
3D-243,7,1.976,1.976
3D-244,0,2.022,2.022
3D-244,1,1.989,1.989
3D-244,2,1.976,1.976
3D-244,3,2.033,2.032
3D-244,4,1.991,1.991
3D-244,5,2.014,2.014
3D-244,6,1.984,1.984
3D-244,7,1.99,1.99
3D-245,0,1.968,1.968
3D-245,1,2.028,2.028
3D-245,2,2.019,2.018
3D-245,3,2.017,2.017
3D-245,4,2.012,2.013
3D-245,5,2.015,2.015
3D-245,6,1.992,1.992
3D-245,7,1.948,1.948
3D-246,0,1.994,1.994
3D-246,1,2.014,2.014
3D-246,2,1.968,1.968
3D-246,3,2.022,2.022
3D-246,4,1.952,1.951
3D-246,5,2.047,2.048
3D-246,6,2.01,2.01
3D-246,7,1.993,1.993
3D-247,0,2.081,1.918
3D-247,1,2.005,1.984
3D-247,2,2.08,1.917
3D-247,3,2.005,1.985
3D-247,4,1.969,1.958
3D-247,5,2.034,2.022
3D-247,6,1.992,1.994
3D-247,7,2.035,2.022
3D-248,0,1.983,1.983
3D-248,1,1.982,1.982
3D-248,2,2.017,2.017
3D-248,3,2.017,2.017
3D-248,4,1.99,1.991
3D-248,5,2.049,2.049
3D-248,6,1.998,1.998
3D-248,7,1.963,1.963
3D-249,0,1.962,1.962
3D-249,1,1.996,1.996
3D-249,2,2.015,2.015
3D-249,3,1.981,1.98
3D-249,4,1.998,1.998
3D-249,5,2.021,2.021
3D-249,6,1.984,1.984
3D-249,7,2.044,2.044
3D-250,0,2.031,2.031
3D-250,1,2.016,2.016
3D-250,2,2.007,2.007
3D-250,3,1.991,1.991
3D-250,4,1.956,1.956
3D-250,5,1.965,1.965
3D-250,6,2.001,2.001
3D-250,7,2.033,2.033
3D-251,0,1.999,1.999
3D-251,1,2.008,2.008
3D-251,2,2.013,2.012
3D-251,3,1.957,1.957
3D-251,4,1.957,1.957
3D-251,5,2.03,2.03
3D-251,6,2.008,2.008
3D-251,7,2.029,2.029
3D-252,0,1.999,1.987
3D-252,1,2.025,2.014
3D-252,2,2.074,1.897
3D-252,3,2.002,2.002
3D-252,4,2.074,1.897
3D-252,5,2.026,2.014
3D-252,6,1.999,1.987
3D-252,7,2.002,2.002
3D-253,0,2.282,1.762
3D-253,1,2.012,1.978
3D-253,2,2.007,1.953
3D-253,3,2.011,1.963
3D-253,4,2.015,1.988
3D-253,5,2.098,1.921
3D-253,6,2.01,2.008
3D-253,7,2.014,1.977
3D-254,0,1.963,1.963
3D-254,1,2.021,2.021
3D-254,2,2.034,2.034
3D-254,3,1.965,1.965
3D-254,4,2.008,2.008
3D-254,5,2.008,2.008
3D-254,6,2.008,2.008
3D-254,7,1.992,1.993
3D-255,0,2.026,2.026
3D-255,1,1.992,1.992
3D-255,2,2.02,2.02
3D-255,3,2.02,2.02
3D-255,4,2.0,2.0
3D-255,5,1.992,1.992
3D-255,6,1.974,1.974
3D-255,7,1.975,1.975
3D-256,0,2.047,1.969
3D-256,1,2.019,1.963
3D-256,2,2.019,1.963
3D-256,3,2.411,1.6
3D-256,4,2.022,1.968
3D-256,5,2.047,1.969
3D-256,6,2.022,1.968
3D-256,7,2.412,1.6
3D-257,0,1.988,1.987
3D-257,1,2.004,2.004
3D-257,2,1.996,1.996
3D-257,3,2.008,2.008
3D-257,4,2.012,2.012
3D-257,5,1.982,1.982
3D-257,6,2.014,2.014
3D-257,7,1.997,1.997
3D-258,0,1.966,1.966
3D-258,1,2.029,2.029
3D-258,2,2.028,2.028
3D-258,3,2.003,2.003
3D-258,4,1.973,1.973
3D-258,5,1.966,1.966
3D-258,6,1.973,1.973
3D-258,7,2.062,2.062
3D-259,0,2.031,2.03
3D-259,1,1.999,1.999
3D-259,2,2.004,2.003
3D-259,3,1.993,1.993
3D-259,4,2.014,2.014
3D-259,5,1.979,1.979
3D-259,6,1.978,1.978
3D-259,7,2.002,2.002
3D-260,0,2.021,1.976
3D-260,1,2.051,1.992
3D-260,2,2.106,1.881
3D-260,3,1.996,1.975
3D-260,4,2.169,1.849
3D-260,5,1.997,1.966
3D-260,6,2.033,1.982
3D-260,7,2.035,1.972
3D-261,0,1.998,2.042
3D-261,1,1.982,1.988
3D-261,2,1.976,2.005
3D-261,3,2.043,2.054
3D-261,4,1.971,1.975
3D-261,5,1.975,1.976
3D-261,6,2.013,2.013
3D-261,7,1.997,1.991
3D-262,0,1.966,1.966
3D-262,1,2.012,2.013
3D-262,2,2.008,2.008
3D-262,3,1.995,1.995
3D-262,4,1.982,1.982
3D-262,5,1.985,1.985
3D-262,6,2.058,2.058
3D-262,7,1.994,1.994
3D-263,0,1.979,1.979
3D-263,1,2.086,2.086
3D-263,2,1.992,1.992
3D-263,3,1.978,1.978
3D-263,4,1.991,1.992
3D-263,5,2.002,2.002
3D-263,6,2.002,2.002
3D-263,7,1.969,1.969
3D-264,0,1.989,1.985
3D-264,1,2.017,2.015
3D-264,2,2.001,1.99
3D-264,3,2.002,2.002
3D-264,4,2.002,1.991
3D-264,5,2.017,2.014
3D-264,6,1.988,1.984
3D-264,7,2.002,2.002
3D-265,0,2.016,1.984
3D-265,1,2.016,1.984
3D-265,2,2.016,1.984
3D-265,3,2.016,1.984
3D-265,4,2.016,1.984
3D-265,5,2.016,1.984
3D-265,6,2.016,1.984
3D-265,7,2.016,1.984
3D-266,0,2.0,2.001
3D-266,1,2.0,2.0
3D-266,2,2.0,1.999
3D-266,3,2.0,2.0
3D-266,4,2.0,2.001
3D-266,5,2.0,2.0
3D-266,6,2.0,1.999
3D-266,7,2.0,2.0
3D-267,0,2.039,2.039
3D-267,1,1.973,1.973
3D-267,2,1.996,1.996
3D-267,3,1.97,1.97
3D-267,4,2.023,2.023
3D-267,5,2.008,2.008
3D-267,6,2.006,2.006
3D-267,7,1.984,1.984
3D-268,0,1.973,1.976
3D-268,1,1.962,1.947
3D-268,2,2.08,1.948
3D-268,3,1.999,1.996
3D-268,4,1.936,1.924
3D-268,5,2.21,2.038
3D-268,6,1.998,1.985
3D-268,7,2.039,1.989
3D-269,0,2.0,2.0
3D-269,1,2.0,2.0
3D-269,2,2.0,2.0
3D-269,3,2.0,2.0
3D-269,4,2.0,2.0
3D-269,5,2.0,2.0
3D-269,6,2.0,2.0
3D-269,7,2.0,2.0
3D-270,0,2.418,1.635
3D-270,1,2.032,1.983
3D-270,2,2.024,1.951
3D-270,3,2.044,1.974
3D-270,4,1.999,1.895
3D-270,5,2.028,1.964
3D-270,6,2.426,1.628
3D-270,7,2.028,1.971
3D-271,0,2.022,2.022
3D-271,1,1.985,1.985
3D-271,2,1.984,1.985
3D-271,3,1.996,1.996
3D-271,4,1.954,1.954
3D-271,5,2.109,2.109
3D-271,6,1.972,1.972
3D-271,7,1.977,1.977
3D-272,0,1.964,1.962
3D-272,1,1.962,1.966
3D-272,2,2.111,2.01
3D-272,3,1.978,1.973
3D-272,4,2.078,2.062
3D-272,5,2.02,1.924
3D-272,6,1.979,2.0
3D-272,7,2.006,2.005
3D-273,0,2.0,2.0
3D-273,1,2.0,2.0
3D-273,2,2.0,2.0
3D-273,3,2.0,2.0
3D-273,4,2.0,2.0
3D-273,5,2.0,2.0
3D-273,6,2.0,2.0
3D-273,7,2.0,2.0
